symbol,companyName,industry
REGENCERAM,Regency Ceramics Limited,Ceramics
BLUECOAST,Blue Coast Hotels Limited,Hotels & Resorts
EUROTEXIND,Eurotex Industries and Exports Limited,Other Textile Products
SHEKHAWATI,Shekhawati Industries Limited,Other Textile Products
PANSARI,Pansari Developers Limited,Residential Commercial Projects
VLINFRA,V.L.Infraprojects Limited,Civil Construction
SHRIKRISH,Shri Krishna Devcon Limited,Residential Commercial Projects
DUGLOBAL,DUDIGITAL GLOBAL LIMITED,Tour Travel Related Services
ZODIAC,Zodiac Energy Limited,Civil Construction
DELPHIFX,DELPHI WORLD MONEY LIMITED,Other Financial Services
UNIENTER,Uniphos Enterprises Limited,Trading - Chemicals
DGCONTENT,Digicontent Limited,Advertising & Media Agencies
PRAENG,Prajay Engineers Syndicate Limited,Residential Commercial Projects
WILLAMAGOR,Williamson Magor & Company Limited,Investment Company
GILLANDERS,Gillanders Arbuthnot & Company Limited,Tea & Coffee
MASKINVEST,Mask Investments Limited,Investment Company
ONELIFECAP,Onelife Capital Advisors Limited,Stockbroking & Allied
AKCAPIT,AK Capital Services Limited,Non Banking Financial Company (NBFC)
COUNCODOS,Country Condo's Limited,Residential Commercial Projects
HMVL,Hindustan Media Ventures Limited,Print Media
SEJALLTD,Sejal Glass Limited,Glass - Industrial
AHLWEST,Asian Hotels (West) Limited,Hotels & Resorts
RSSOFTWARE,R. S. Software (India) Limited,Computers - Software & Consulting
JAINAM,Jainam Ferro Alloys (I) Limited,Ferro & Silica Manganese
OWAIS,Owais Metal And Mineral Processing Limited,Ferro & Silica Manganese
VIJIFIN,Viji Finance Limited,Non Banking Financial Company (NBFC)
PRECOT,Precot Limited,Other Textile Products
GANGABATH,Ganga Bath Fittings Limited,Sanitary Ware
ROLLT,Rollatainers Limited,Packaging
SVPGLOB,SVP GLOBAL TEXTILES LIMITED,Other Textile Products
SETUINFRA,Setubandhan Infrastructure Limited,Civil Construction
LRRPL,Lead Reclaim And Rubber Products Limited,Rubber
VISASTEEL,Visa Steel Limited,Ferro & Silica Manganese
TRU,TruCap Finance Limited,Non Banking Financial Company (NBFC)
KIRANVYPAR,Kiran Vyapar Limited,Non Banking Financial Company (NBFC)
SHRIKANHA,Shri Kanha Stainless Limited,Iron & Steel Products
JISLDVREQS,Jain Irrigation Systems Limited,Plastic Products - Industrial
UMESLTD,Usha Martin Education & Solutions Limited,E-Learning
ANIKINDS,Anik Industries Limited,Trading & Distributors
SICALLOG,Sical Logistics Limited,Logistics Solution Provider
SAMBHAAV,Sambhaav Media Limited,Electronic Media
RVHL,Ravinder Heights Limited,Residential Commercial Projects
GLOBALVECT,Global Vectra Helicorp Limited,Airline
TVVISION,TV Vision Limited,TV Broadcasting & Software Production
BIL,Bhartiya International Limited,Leather And Leather Products
DSFCL,DCM Shriram Fine Chemicals Limited,Specialty Chemicals
BEACON,Beacon Trusteeship Limited,Other Financial Services
SRTL,Shree Ram Twistex Limited,Other Textile Products
WEALTH,Wealth First Portfolio Managers Limited,Other Financial Services
RKDL,Ravi Kumar Distilleries Limited,Breweries & Distilleries
FILATFASH,Filatex Fashions Limited,Garments & Apparels
GENUSPAPER,Genus Paper & Boards Limited,Paper & Paper Products
VELS,Vels Film International Limited,Film Production Distribution & Exhibition
VHL,Vardhman Holdings Limited,Investment Company
MADHAVIPL,Madhav Infra Projects Limited,Civil Construction
SURANASOL,Surana Solar Limited,Heavy Electrical Equipment
CCCL,Consolidated Construction Consortium Limited,Residential Commercial Projects
TREL,Transindia Real Estate Limited,Logistics Solution Provider
KOTYARK,Kotyark Industries Limited,Refineries & Marketing
MUTHOOTMF,Muthoot Microfin Limited,Microfinance Institutions
SUPREMEINF,Supreme Infrastructure India Limited,Civil Construction
TAINWALCHM,Tainwala Chemical and Plastic (I) Limited,Plastic Products - Industrial
FLEXITUFF,Flexituff Ventures International Limited,Other Textile Products
BLUESTONE,BlueStone Jewellery and Lifestyle Limited,Gems Jewellery And Watches
SUNTECH,Suntech Infra Solutions Limited,Civil Construction
LATTEYS,Latteys Industries Limited,Compressors Pumps & Diesel Engines
INVPRECQ,Investment & Precision Castings Limited,Castings & Forgings
RKSWAMY,R K Swamy Limited,Advertising & Media Agencies
ATL,Allcargo Terminals Limited,Port & Port services
EMPOWER,Empower India Limited,Computers - Software & Consulting
DBEIL,Deepak Builders & Engineers India Limited,Civil Construction
VIPULLTD,Vipul Limited,Residential Commercial Projects
IKS,Inventurus Knowledge Solutions Limited,IT Enabled Services
ZEELEARN,Zee Learn Limited,Education
VLEGOV,VL E-Governance & IT Solutions Limited,IT Enabled Services
FOODSIN,Foods & Inns Limited,Packaged Foods
DELTAMAGNT,Delta Manufacturing Limited,Other Industrial Products
NURECA,Nureca Limited,Medical Equipment & Supplies
SUDARCOLOR,Sudarshan Colorants India Limited,Dyes And Pigments
AKI,AKI India Limited,Leather And Leather Products
LUXIND,Lux Industries Limited,Garments & Apparels
AURIGROW,Auri Grow India Limited,Cables - Electricals
PIGL,Power & Instrumentation (Gujarat) Limited,Other Electrical Equipment
SITINET,Siti Networks Limited,TV Broadcasting & Software Production
ISHANCH,Ishan Dyes and Chemicals Limited,Specialty Chemicals
DPSCLTD,DPSC Limited,Integrated Power Utilities
GEECEE,GeeCee Ventures Limited,Residential Commercial Projects
SPMLINFRA,SPML Infra Limited,Civil Construction
SAMPANN,Sampann Utpadan India Limited,Rubber
NIMBSPROJ,Nimbus Projects Limited,Residential Commercial Projects
CONFIPET,Confidence Petroleum India Limited,LPG/CNG/PNG/LNG Supplier
INDOWIND,Indowind Energy Limited,Power Generation
CTE,Cambridge Technology Enterprises Limited,Computers - Software & Consulting
MOTISONS,Motisons Jewellers Limited,Gems Jewellery And Watches
BAGFILMS,B.A.G Films and Media Limited,TV Broadcasting & Software Production
DCMSRIND,DCM Shriram Industries Limited,Sugar
GOCLCORP,GOCL Corporation Limited,Explosives
PASHUPATI,Pashupati Cotspin Limited,Other Textile Products
SADHNANIQ,Sadhana Nitrochem Limited,Commodity Chemicals
UTTAMSUGAR,Uttam Sugar Mills Limited,Sugar
TEXMOPIPES,Texmo Pipes and Products Limited,Plastic Products - Industrial
HSCL,Himadri Speciality Chemical Limited,Carbon Black
AVONMORE,Avonmore Capital & Management Services Limited,Non Banking Financial Company (NBFC)
ARSHIYA,Arshiya Limited,Logistics Solution Provider
VELJAN,Veljan Denison Limited,Compressors Pumps & Diesel Engines
EBGNG,GNG Electronics Limited,Computers Hardware & Equipments
ABINFRA,A B Infrabuild Limited,Civil Construction
GOKUL,Gokul Refoils and Solvent Limited,Edible Oil
SURYALAXMI,Suryalakshmi Cotton Mills Limited,Other Textile Products
ENERGYDEV,Energy Development Company Limited,Power Generation
OSWALSEEDS,ShreeOswal Seeds And Chemicals Limited,Other Agricultural Products
OMFREIGHT,Om Freight Forwarders Limited,Logistics Solution Provider
RSL,Rajputana Stainless Limited,Iron & Steel Products
KALPATARU,Kalpataru Limited,Residential Commercial Projects
VGL,VARVEE GLOBAL LIMITED,Other Textile Products
RAJMET,Rajnandini Metal Limited,Aluminium Copper & Zinc Products
RKEC,RKEC Projects Limited,Civil Construction
CCHHL,Country Club Hospitality & Holidays Limited,Hotels & Resorts
WAKEFIT,Wakefit Innovations Limited,Furniture Home Furnishing
AKG,Akg Exim Limited,Trading & Distributors
CIFL,Capital India Finance Limited,Non Banking Financial Company (NBFC)
GATECH,GACM Technologies Limited,Other Financial Services
SIGMA,Sigma Solve Limited,IT Enabled Services
GANGAFORGE,Ganga Forging Limited,Castings & Forgings
BFUTILITIE,BF Utilities Limited,Road Assets - Toll Annuity Hybrid-Annuity
BELLACASA,Bella Casa Fashion & Retail Limited,Garments & Apparels
AKSHAR,Akshar Spintex Limited,Other Textile Products
DBSTOCKBRO,DB (International) Stock Brokers Limited,Stockbroking & Allied
MOKSH,Moksh Ornaments Limited,Gems Jewellery And Watches
KRIDHANINF,Kridhan Infra Limited,Civil Construction
SAKUMA,Sakuma Exports Limited,Trading & Distributors
ATLANTAELE,Atlanta Electricals Limited,Heavy Electrical Equipment
TNPL,Tamil Nadu Newsprint & Papers Limited,Paper & Paper Products
IRMENERGY,IRM Energy Limited,LPG/CNG/PNG/LNG Supplier
JMFINANCIL,JM Financial Limited,Holding Company
ELPROINTL,Elpro International Limited,Residential Commercial Projects
SAHAJSOLAR,Sahaj Solar Limited,Other Electrical Equipment
KOTHARIPRO,Kothari Products Limited,Trading & Distributors
APTECHT,Aptech Limited,Education
21STCENMGM,21st Century Management Services Limited,Other Capital Market related Services
SWELECTES,Swelect Energy Systems Limited,Heavy Electrical Equipment
GVKPIL,GVK Power & Infrastructure Limited,Civil Construction
RADIOCITY,Music Broadcast Limited,Media & Entertainment
TCIFINANCE,TCI Finance Limited,Non Banking Financial Company (NBFC)
JLHL,Jupiter Life Line Hospitals Limited,Hospital
MMWL,Media Matrix Worldwide Limited,Film Production Distribution & Exhibition
NRL,Nupur Recyclers Limited,Trading - Metals
AVG,AVG Logistics Limited,Logistics Solution Provider
SPECIALITY,Speciality Restaurants Limited,Restaurants
DOLLAR,Dollar Industries Limited,Garments & Apparels
INNOVANA,Innovana Thinklabs Limited,Computers - Software & Consulting
OSWALGREEN,Oswal Greentech Limited,Investment Company
KARMAENG,Karma Energy Limited,Power Generation
AAKASH,Aakash Exploration Services Limited,Offshore Support Solution Drilling
WSI,W S Industries (I) Limited,Civil Construction
PREMCO,Premco Global Limited,Other Textile Products
ADVANIHOTR,Advani Hotels & Resorts (India) Limited,Hotels & Resorts
ANTELOPUS,Antelopus Selan Energy Limited,Oil Exploration & Production
KNAGRI,KN Agri Resources Limited,Edible Oil
BHAGYANGR,Bhagyanagar India Limited,Copper
LFIC,Lakshmi Finance & Industrial Corporation Limited,Investment Company
PPL,Prakash Pipes Limited,Plastic Products - Industrial
VIPCLOTHNG,VIP Clothing Limited,Garments & Apparels
JINDALPHOT,Jindal Photo Limited,Investment Company
GVPIL,GE Power India Limited,Heavy Electrical Equipment
JTLIND,JTL INDUSTRIES LIMITED,Iron & Steel Products
USK,Udayshivakumar Infra Limited,Civil Construction
DEVIT,Dev Information Technology Limited,IT Enabled Services
KPEL,K.P. Energy Limited,Power Generation
ADVAIT,Advait Energy Transitions Limited,Other Electrical Equipment
SWANDEF,Swan Defence and Heavy Industries Limited,Ship Building & Allied Services
VINNY,Vinny Overseas Limited,Garments & Apparels
UTLSOLAR,Fujiyama Power Systems Limited,Other Electrical Equipment
VINYLINDIA,Vinyl Chemicals (India) Limited,Trading - Chemicals
VIVIDHA,Visagar Polytex Limited,Garments & Apparels
MAHLOG,Mahindra Logistics Limited,Logistics Solution Provider
THEINVEST,The Investment Trust Of India Limited,Other Financial Services
YASHO,Yasho Industries Limited,Specialty Chemicals
EQUITASBNK,Equitas Small Finance Bank Limited,Other Bank
NILASPACES,Nila Spaces Limited,Residential Commercial Projects
NEXTMEDIA,Next Mediaworks Limited,Media & Entertainment
NOIDATOLL,Noida Toll Bridge Company Limited,Road Assets - Toll Annuity Hybrid-Annuity
TIGERLOGS,Tiger Logistics (India) Limited,Logistics Solution Provider
KRN,KRN Heat Exchanger and Refrigeration Limited,Other Industrial Products
MANAKSIA,Manaksia Limited,Iron & Steel Products
RUSHIL,Rushil Decor Limited,Plywood Boards/ Laminates
PROZONER,Prozone Realty Limited,Residential Commercial Projects
OMINFRAL,OM INFRA LIMITED,Civil Construction
IFBAGRO,IFB Agro Industries Limited,Breweries & Distilleries
FILATEX,Filatex India Limited,Other Textile Products
KUANTUM,Kuantum Papers Limited,Paper & Paper Products
PARACABLES,Paramount Communications Limited,Cables - Electricals
ORIENTBELL,Orient Bell Limited,Ceramics
ADOR,Ador Welding Limited,Other Industrial Products
RELIABLE,Reliable Data Services Limited,Other Financial Services
GSPCROP,GSP Crop Science Limited,Pesticides & Agrochemicals
IRISDOREME,Iris Clothings Limited,Garments & Apparels
MODIS,Modis Navnirman Limited,Residential Commercial Projects
BNAGROCHEM,BN Agrochem Limited,Trading & Distributors
INFOBEAN,InfoBeans Technologies Limited,Computers - Software & Consulting
GATEWAY,Gateway Distriparks Limited,Logistics Solution Provider
BCLIND,Bcl Industries Limited,Breweries & Distilleries
CHEMPLASTS,Chemplast Sanmar Limited,Specialty Chemicals
JINDWORLD,Jindal Worldwide Limited,Other Textile Products
KAMATHOTEL,Kamat Hotels (I) Limited,Hotels & Resorts
ASHIANA,Ashiana Housing Limited,Residential Commercial Projects
GTPL,GTPL Hathway Limited,TV Broadcasting & Software Production
SIMBHALS,Simbhaoli Sugars Limited,Sugar
KOLTEPATIL,Kolte - Patil Developers Limited,Residential Commercial Projects
MMP,MMP Industries Limited,Aluminium
DECNGOLD,Deccan Gold Mines Limited,Precious Metals
ALKALI,Alkali Metals Limited,Specialty Chemicals
KALYANIFRG,Kalyani Forge Limited,Castings & Forgings
SCILAL,Shipping Corporation of India Land and Assets Limited,Investment Company
SATIN,Satin Creditcare Network Limited,Microfinance Institutions
KCPSUGIND,KCP Sugar and Industries Corporation Limited,Sugar
MUFTI,Credo Brands Marketing Limited,Speciality Retail
PRAVEG,Praveg Limited,Hotels & Resorts
KEEPLEARN,DSJ Keep Learning Limited,Education
FINOPB,Fino Payments Bank Limited,Other Bank
NATHBIOGEN,Nath Bio-Genes (India) Limited,Other Agricultural Products
CONSOFINVT,Consolidated Finvest & Holdings Limited,Investment Company
PLATIND,Platinum Industries Limited,Specialty Chemicals
BHARATWIRE,Bharat Wire Ropes Limited,Iron & Steel Products
TATACAP,Tata Capital Limited,Non Banking Financial Company (NBFC)
SIGIND,Signet Industries Limited,Trading & Distributors
VALIANTORG,Valiant Organics Limited,Specialty Chemicals
JIOFIN,Jio Financial Services Limited,Investment Company
TIPSMUSIC,Tips Music Limited,Media & Entertainment
VSTTILLERS,V.S.T Tillers Tractors Limited,Tractors
STCINDIA,The State Trading Corporation of India Limited,Trading & Distributors
COASTCORP,Coastal Corporation Limited,Seafood
NOCIL,NOCIL Limited,Specialty Chemicals
HILTON,Hilton Metal Forging Limited,Castings & Forgings
TRUALT,TruAlt Bioenergy Limited,Other Agricultural Products
GEEKAYWIRE,Geekay Wires Limited,Iron & Steel Products
DHANUKA,Dhanuka Agritech Limited,Pesticides & Agrochemicals
PROSTARM,Prostarm Info Systems Limited,Other Electrical Equipment
ANMOL,Anmol India Limited,Trading - Coal
DENEERS,De Neers Tools Limited,Iron & Steel Products
NAVKARURB,Navkar Urbanstructure Limited,Civil Construction
RPTECH,Rashi Peripherals Limited,Computers Hardware & Equipments
DPABHUSHAN,D. P. Abhushan Limited,Gems Jewellery And Watches
GANESHBE,Ganesh Benzoplast Limited,Oil Storage & Transportation
AVADHSUGAR,Avadh Sugar & Energy Limited,Sugar
RADAAN,Radaan Mediaworks India Limited,Media & Entertainment
MIDWESTLTD,Midwest Limited,Granites & Marbles
KRITI,Kriti Industries (India) Limited,Plastic Products - Industrial
EDELWEISS,Edelweiss Financial Services Limited,Holding Company
EIHAHOTELS,EIH Associated Hotels Limited,Hotels & Resorts
ARIHANT,Arihant Foundations & Housing Limited,RESIDENTIAL/COMMERCIAL/SEZ Project
CLSEL,Chaman Lal Setia Exports Limited,Other Agricultural Products
HAVISHA,Sri Havisha Hospitality and Infrastructure Limited,Hotels & Resorts
GRAUWEIL,Grauer & Weil India Limited,Commodity Chemicals
GANESHCP,Ganesh Consumer Products Limited,Packaged Foods
ASMS,Bartronics India Limited,IT Enabled Services
DEN,Den Networks Limited,TV Broadcasting & Software Production
GINNIFILA,Ginni Filaments Limited,Other Textile Products
BHANDARI,Bhandari Hosiery Exports Limited,Other Textile Products
IMFA,Indian Metals & Ferro Alloys Limited,Ferro & Silica Manganese
FCSSOFT,FCS Software Solutions Limited,IT Enabled Services
OLAELEC,Ola Electric Mobility Limited,2/3 Wheelers
GLOBE,GLOBE ENTERPRISES (INDIA) LIMITED,Other Textile Products
EXICOM,Exicom Tele-Systems Limited,Heavy Electrical Equipment
IEX,Indian Energy Exchange Limited,Exchange and Data Platform
INDOTECH,Indo Tech Transformers Limited,Heavy Electrical Equipment
SPCENET,Spacenet Enterprises India Limited,Trading & Distributors
RHETAN,Rhetan TMT Limited,Iron & Steel Products
HINDOILEXP,Hindustan Oil Exploration Company Limited,Oil Exploration & Production
CALSOFT,California Software Company Limited,Computers - Software & Consulting
NELCO,NELCO Limited,Computers Hardware & Equipments
SHREEPUSHK,Shree Pushkar Chemicals & Fertilisers Limited,Dyes And Pigments
ANTGRAPHIC,Antarctica Limited,Packaging
JGCHEM,J.G.Chemicals Limited,Commodity Chemicals
GVPTECH,GVP Infotech Limited,IT Enabled Services
TINNARUBR,Tinna Rubber and Infrastructure Limited,Rubber
CRIZAC,Crizac Limited,Internet & Catalogue Retail
RELTD,Ravindra Energy Limited,Other Electrical Equipment
MUTHOOTCAP,Muthoot Capital Services Limited,Non Banking Financial Company (NBFC)
PATELENG,Patel Engineering Limited,Civil Construction
NIITMTS,NIIT Learning Systems Limited,Education
PAKKA,PAKKA LIMITED,Paper & Paper Products
HMAAGRO,HMA Agro Industries Limited,Meat Products including Poultry
SANGAMIND,Sangam (India) Limited,Other Textile Products
INDOTHAI,Indo Thai Securities Limited,Stockbroking & Allied
SHYAMMETL,Shyam Metalics and Energy Limited,Iron & Steel Products
GANECOS,Ganesha Ecosphere Limited,Other Textile Products
SHAILY,Shaily Engineering Plastics Limited,Plastic Products - Consumer
RGL,Renaissance Global Limited,Gems Jewellery And Watches
BSHSL,Bombay Super Hybrid Seeds Limited,Other Agricultural Products
SUMICHEM,Sumitomo Chemical India Limited,Pesticides & Agrochemicals
GTL,GTL Limited,Other Telecom Services
SWSOLAR,Sterling and Wilson Renewable Energy Limited,Civil Construction
UTKARSHBNK,Utkarsh Small Finance Bank Limited,Other Bank
OMPOWER,Om Power Transmission Limited,Civil Construction
SIYSIL,Siyaram Silk Mills Limited,Other Textile Products
ATUL,Atul Limited,Specialty Chemicals
MAGNUM,Magnum Ventures Limited,Paper & Paper Products
SAKSOFT,Saksoft Limited,Computers - Software & Consulting
TBOTEK,TBO Tek Limited,Tour Travel Related Services
SUBROS,Subros Limited,Other Industrial Products
JKIL,J.Kumar Infraprojects Limited,Civil Construction
MAWANASUG,Mawana Sugars Limited,Sugar
SHINDL,Sharat Industries Limited,Seafood
MANBA,Manba Finance Limited,Non Banking Financial Company (NBFC)
AVANTIFEED,Avanti Feeds Limited,Animal Feed
TPLPLASTEH,TPL Plastech Limited,Packaging
APCOTEXIND,Apcotex Industries Limited,Rubber
SEPC,SEPC Limited,Civil Construction
CLEDUCATE,CL Educate Limited,Education
GKENERGY,GK Energy Limited,Civil Construction
WELSPLSOL,Welspun Specialty Solutions Limited,Iron & Steel Products
GSMFOILS,GSM Foils Limited,Packaging
ALLDIGI,Alldigi Tech Limited,Business Process Outsourcing (BPO)/ Knowledge Process Outsourcing (KPO)
NIRAJ,Niraj Cement Structurals Limited,Civil Construction
HGS,Hinduja Global Solutions Limited,Business Process Outsourcing (BPO)/ Knowledge Process Outsourcing (KPO)
INSECTICID,Insecticides (India) Limited,Pesticides & Agrochemicals
INVENTURE,Inventure Growth & Securities Limited,Stockbroking & Allied
SASKEN,Sasken Technologies Limited,IT Enabled Services
ALKYLAMINE,Alkyl Amines Chemicals Limited,Specialty Chemicals
SHRIRAMPPS,Shriram Properties Limited,Residential Commercial Projects
ARIHANTSUP,Arihant Superstructures Limited,Residential Commercial Projects
GANDHAR,Gandhar Oil Refinery (India) Limited,Lubricants
SHREERAMA,Shree Rama Multi-Tech Limited,Packaging
IGCL,Indogulf Cropsciences Limited,Pesticides & Agrochemicals
LANDSMILL,Landsmill Green Limited,Trading & Distributors
PILITA,PIL ITALICA LIFESTYLE LIMITED,Plastic Products - Consumer
CONTROLPR,Control Print Limited,Computers Hardware & Equipments
AHLUCONT,Ahluwalia Contracts (India) Limited,Civil Construction
BALAJITELE,Balaji Telefilms Limited,Media & Entertainment
UBL,United Breweries Limited,Breweries & Distilleries
CANTABIL,Cantabil Retail India Limited,Garments & Apparels
LEMERITE,Le Merite Exports Limited,Trading - Textile Products
GRINFRA,G R Infraprojects Limited,Civil Construction
GULFPETRO,GP Petroleums Limited,Lubricants
JUBLCPL,Jubilant Agri and Consumer Products Limited,Specialty Chemicals
DIFFNKG,Diffusion Engineers Limited,Other Industrial Products
MANAKALUCO,Manaksia Aluminium Company Limited,Aluminium
PVP,PVP Ventures Limited,Residential Commercial Projects
AEGISVOPAK,Aegis Vopak Terminals Limited,Oil Storage & Transportation
CENTRUM,Centrum Capital Limited,Other Financial Services
ORIENTPPR,Orient Paper & Industries Limited,Paper & Paper Products
MSPL,MSP Steel & Power Limited,Iron & Steel Products
GLOBUSSPR,Globus Spirits Limited,Breweries & Distilleries
PATANJALI,Patanjali Foods Limited,Edible Oil
AEROENTER,Aeroflex Enterprises Limited,Iron & Steel Products
VIDYAWIRES,Vidya Wires Limited,Aluminium Copper & Zinc Products
IIFLCAPS,IIFL Capital Services Limited,Stockbroking & Allied
ABREL,Aditya Birla Real Estate Limited,Residential Commercial Projects
AARTIIND,Aarti Industries Limited,Specialty Chemicals
GESHIP,The Great Eastern Shipping Company Limited,Shipping
HARDWYN,Hardwyn India Limited,Furniture Home Furnishing
MRPL,Mangalore Refinery and Petrochemicals Limited,Refineries & Marketing
MGL,Mahanagar Gas Limited,LPG/CNG/PNG/LNG Supplier
GENUSPOWER,Genus Power Infrastructures Limited,Other Electrical Equipment
FRACTAL,Fractal Analytics Limited,Computers - Software & Consulting
THELEELA,Leela Palaces Hotels & Resorts Limited,Hotels & Resorts
GPIL,Godawari Power And Ispat limited,Iron & Steel Products
SWARAJENG,Swaraj Engines Limited,Compressors Pumps & Diesel Engines
JINDALPOLY,Jindal Poly Films Limited,Packaging
TARIL,Transformers And Rectifiers (India) Limited,Heavy Electrical Equipment
SUNTECK,Sunteck Realty Limited,Residential Commercial Projects
ICIL,Indo Count Industries Limited,Other Textile Products
RAJSREESUG,Rajshree Sugars & Chemicals Limited,Sugar
RUPA,Rupa & Company Limited,Garments & Apparels
BHAGCHEM,Bhagiradha Chemicals & Industries Limited,Pesticides & Agrochemicals
AZAD,Azad Engineering Limited,Heavy Electrical Equipment
AMAGI,Amagi Media Labs Limited,IT Enabled Services
3PLAND,3P Land Holdings Limited,Investment Company
PARKHOSPS,Park Medi World Limited,Hospital
GALLANTT,Gallantt Ispat Limited,Iron & Steel Products
AFSL,Abans Financial Services Limited,Holding Company
APOLLOPIPE,Apollo Pipes Limited,Plastic Products - Industrial
INDUSINDBK,IndusInd Bank Limited,Private Sector Bank
ALEMBICLTD,Alembic Limited,Residential Commercial Projects
ONGC,Oil & Natural Gas Corporation Limited,Oil Exploration & Production
BLIL,Balmer Lawrie Investments Limited,Non Banking Financial Company (NBFC)
FINKURVE,Finkurve Financial Services Limited,Non Banking Financial Company (NBFC)
TICL,Twamev Construction and Infrastructure Limited,Civil Construction
ASIANTILES,Asian Granito India Limited,Ceramics
JUNIPER,Juniper Hotels Limited,Hotels & Resorts
MAHLIFE,Mahindra Lifespace Developers Limited,Residential Commercial Projects
KSCL,Kaveri Seed Company Limited,Other Agricultural Products
KIRLOSBROS,Kirloskar Brothers Limited,Compressors Pumps & Diesel Engines
JARO,Jaro Institute of Technology Management and Research Limited,E-Learning
XPROINDIA,Xpro India Limited,Packaging
HCLTECH,HCL Technologies Limited,Computers - Software & Consulting
INTENTECH,Intense Technologies Limited,IT Enabled Services
CHEVIOT,Cheviot Company Limited,Jute & Jute Products
SEIL,Shanti Educational Initiatives Limited,Education
VARDHACRLC,Vardhman Acrylics Limited,Other Textile Products
RPEL,Raghav Productivity Enhancers Limited,Electrodes & Refractories
RTNINDIA,RattanIndia Enterprises Limited,E-Retail/ E-Commerce
CLEAN,Clean Science and Technology Limited,Specialty Chemicals
GNFC,Gujarat Narmada Valley Fertilizers and Chemicals Limited,Commodity Chemicals
ROTO,Roto Pumps Limited,Compressors Pumps & Diesel Engines
COSMOFIRST,COSMO FIRST LIMITED,Packaging
SPORTKING,Sportking India Limited,Other Textile Products
SULA,Sula Vineyards Limited,Breweries & Distilleries
CEREBRAINT,Cerebra Integrated Technologies Limited,Computers Hardware & Equipments
SHANTIGOLD,Shanti Gold International Limited,Gems Jewellery And Watches
AGIIL,Agi Infra Limited,Residential Commercial Projects
DEEPINDS,Deep Industries Limited,Oil Equipment & Services
KSHINTL,KSH International Limited,Aluminium Copper & Zinc Products
BEPL,Bhansali Engineering Polymers Limited,Specialty Chemicals
BECTORFOOD,Mrs. Bectors Food Specialities Limited,Packaged Foods
DRAGARWQ,Dr Agarwals Eye Hospital Limited,Hospital
GULPOLY,Gulshan Polyols Limited,Other Agricultural Products
VHLTD,Viceroy Hotels Limited,Hotels & Resorts
TDPOWERSYS,TD Power Systems Limited,Heavy Electrical Equipment
EPL,EPL Limited,Packaging
UNIVCABLES,Universal Cables Limited,Cables - Electricals
CGPOWER,CG Power and Industrial Solutions Limited,Heavy Electrical Equipment
QPOWER,Quality Power Electrical Equipments Limited,Heavy Electrical Equipment
WCIL,Western Carriers (India) Limited,Logistics Solution Provider
MUTHOOTFIN,Muthoot Finance Limited,Non Banking Financial Company (NBFC)
JAYNECOIND,Jayaswal Neco Industries Limited,Iron & Steel Products
GAEL,Gujarat Ambuja Exports Limited,Other Agricultural Products
SUNFLAG,Sunflag Iron And Steel Company Limited,Iron & Steel Products
LIKHITHA,Likhitha Infrastructure Limited,Civil Construction
VEEDOL,Veedol Corporation Limited,Lubricants
INA,Insolation Energy Limited,Other Electrical Equipment
KHADIM,Khadim India Limited,Footwear
GUJGASLTD,Gujarat Gas Limited,LPG/CNG/PNG/LNG Supplier
MAHAPEXLTD,Maha Rashtra Apex Corporation Limited,Other Financial Services
IVC,IL&FS Investment Managers Limited,Asset Management Company
XTGLOBAL,Xtglobal Infotech Limited,Computers - Software & Consulting
AAATECH,AAA Technologies Limited,Consulting Services
IZMO,IZMO Limited,IT Enabled Services
ASIANHOTNR,Asian Hotels (North) Limited,Hotels & Resorts
MARSONS,Marsons Limited,Heavy Electrical Equipment
V2RETAIL,V2 Retail Limited,Speciality Retail
MAHSEAMLES,Maharashtra Seamless Limited,Iron & Steel Products
AJMERA,Ajmera Realty & Infra India Limited,Residential Commercial Projects
INDIAGLYCO,India Glycols Limited,Breweries & Distilleries
DWARKESH,Dwarikesh Sugar Industries Limited,Sugar
AYE,Aye Finance Limited,Non Banking Financial Company (NBFC)
KSB,Ksb Limited,Compressors Pumps & Diesel Engines
BANSWRAS,Banswara Syntex Limited,Other Textile Products
MAYURUNIQ,Mayur Uniquoters Ltd,Leather And Leather Products
PFS,PTC India Financial Services Limited,Non Banking Financial Company (NBFC)
HARSHA,Harsha Engineers International Limited,Other Industrial Products
PARSVNATH,Parsvnath Developers Limited,Residential Commercial Projects
MAFATIND,Mafatlal Industries Limited,Other Textile Products
VIKRAN,Vikran Engineering Limited,Civil Construction
ORIENTTECH,Orient Technologies Limited,IT Enabled Services
RELAXO,Relaxo Footwears Limited,Footwear
TSFINV,TSF INVESTMENTS LIMITED,Investment Company
SKMEGGPROD,SKM Egg Products Export (India) Limited,Meat Products including Poultry
CAPINVIT,Capital Infra Trust,Civil Construction
UYFINCORP,U. Y. Fincorp Limited,Non Banking Financial Company (NBFC)
SOLARINDS,Solar Industries India Limited,Explosives
IIFL,IIFL Finance Limited,Non Banking Financial Company (NBFC)
POLYPLEX,Polyplex Corporation Limited,Packaging
SWIGGY,Swiggy Limited,E-Retail/ E-Commerce
MARATHON,Marathon Nextgen Realty Limited,Residential Commercial Projects
JUSTDIAL,Just Dial Limited,Internet & Catalogue Retail
ARVINDFASN,Arvind Fashions Limited,Speciality Retail
MEESHO,Meesho Limited,E-Retail/ E-Commerce
DCI,Dc Infotech And Communication Limited,Computers - Software & Consulting
DSSL,Dynacons Systems & Solutions Limited,IT Enabled Services
CAPACITE,Capacit'e Infraprojects Limited,Civil Construction
NESTLEIND,Nestle India Limited,Packaged Foods
IONEXCHANG,ION Exchange (India) Limited,Water Supply & Management
NITINSPIN,Nitin Spinners Limited,Other Textile Products
SRF,SRF Limited,Specialty Chemicals
OIL,Oil India Limited,Oil Exploration & Production
ADANIGREEN,Adani Green Energy Limited,Power Generation
SDBL,Som Distilleries & Breweries Limited,Breweries & Distilleries
HEXT,Hexaware Technologies Limited,Computers - Software & Consulting
YATHARTH,Yatharth Hospital & Trauma Care Services Limited,Hospital
MOTILALOFS,Motilal Oswal Financial Services Limited,Stockbroking & Allied
ONEPOINT,One Point One Solutions Limited,Business Process Outsourcing (BPO)/ Knowledge Process Outsourcing (KPO)
MARICO,Marico Limited,Edible Oil
RHIM,RHI MAGNESITA INDIA LIMITED,Electrodes & Refractories
GODIGIT,Go Digit General Insurance Limited,General Insurance
BLS,BLS International Services Limited,Tour Travel Related Services
IGPL,IG Petrochemicals Limited,Commodity Chemicals
NETWEB,Netweb Technologies India Limited,IT Enabled Services
BRITANNIA,Britannia Industries Limited,Packaged Foods
NTPC,NTPC Limited,Power Generation
PNBGILTS,PNB Gilts Limited,Investment Company
GKSL,Gujarat Kidney And Super Speciality Limited,Hospital
MINDTECK,Mindteck (India) Limited,Computers - Software & Consulting
SGMART,SG Mart Limited,Trading - Metals
LTF,L&T Finance Limited,Investment Company
SMCGLOBAL,SMC Global Securities Limited,Stockbroking & Allied
GAIL,GAIL (India) Limited,Gas Transmission/Marketing
FEDFINA,Fedbank Financial Services Limited,Non Banking Financial Company (NBFC)
NDTV,New Delhi Television Limited,TV Broadcasting & Software Production
GULFOILLUB,Gulf Oil Lubricants India Limited,Lubricants
VIKASLIFE,Vikas Lifecare Limited,Trading & Distributors
PURVA,Puravankara Limited,Residential Commercial Projects
JPPOWER,Jaiprakash Power Ventures Limited,Power Generation
AEGISLOG,Aegis Logistics Limited,Trading - Gas
SAATVIKGL,Saatvik Green Energy Limited,Other Electrical Equipment
SILLYMONKS,Silly Monks Entertainment Limited,Media & Entertainment
RESPONIND,Responsive Industries Limited,Furniture Home Furnishing
JSWINFRA,JSW Infrastructure Limited,Port & Port services
NAM-INDIA,Nippon Life India Asset Management Limited,Asset Management Company
HGINFRA,H.G. Infra Engineering Limited,Civil Construction
HISARMETAL,Hisar Metal Industries Limited,Iron & Steel Products
ADANIPOWER,Adani Power Limited,Integrated Power Utilities
ECLERX,eClerx Services Limited,Business Process Outsourcing (BPO)/ Knowledge Process Outsourcing (KPO)
NSLNISP,NMDC Steel Limited,Iron & Steel
EMAMIPAP,Emami Paper Mills Limited,Paper & Paper Products
JWL,Jupiter Wagons Limited,Railway Wagons
ATALREAL,Atal Realtech Limited,Residential Commercial Projects
ADANIPORTS,Adani Ports and Special Economic Zone Limited,Port & Port services
FORTIS,Fortis Healthcare Limited,Hospital
SBC,SBC Exports Limited,Garments & Apparels
GHCLTEXTIL,GHCL Textiles Limited,Other Textile Products
SRM,SRM Contractors Limited,Civil Construction
JSWSTEEL,JSW Steel Limited,Iron & Steel
INDOSTAR,IndoStar Capital Finance Limited,Non Banking Financial Company (NBFC)
CEMPRO,Cemindia Projects Limited,Civil Construction
TECHNOE,Techno Electric & Engineering Company Limited,Civil Construction
GICRE,General Insurance Corporation of India,General Insurance
DEEPAKFERT,Deepak Fertilizers and Petrochemicals Corporation Limited,Commodity Chemicals
GOCOLORS,Go Fashion (India) Limited,Speciality Retail
INTELLECT,Intellect Design Arena Limited,Computers - Software & Consulting
MSTCLTD,Mstc Limited,Trading & Distributors
ATGL,Adani Total Gas Limited,LPG/CNG/PNG/LNG Supplier
SHRINGARMS,Shringar House of Mangalsutra Limited,Gems Jewellery And Watches
CHOICEIN,Choice International Limited,Holding Company
BAJAJ-AUTO,Bajaj Auto Limited,2/3 Wheelers
NCC,NCC Limited,Civil Construction
ACI,Archean Chemical Industries Limited,Specialty Chemicals
AQYLON,Aqylon Nexus Limited,TV Broadcasting & Software Production
ZAGGLE,Zaggle Prepaid Ocean Services Limited,IT Enabled Services
SAMMAANCAP,Sammaan Capital Limited,Housing Finance Company
PDSL,PDS Limited,Trading - Textile Products
SHILCTECH,Shilchar Technologies Limited,Heavy Electrical Equipment
ADSL,Allied Digital Services Limited,IT Enabled Services
SURAJEST,Suraj Estate Developers Limited,Residential Commercial Projects
AVROIND,AVRO INDIA LIMITED,Plastic Products - Consumer
FLUOROCHEM,Gujarat Fluorochemicals Limited,Specialty Chemicals
PVRINOX,PVR INOX Limited,Film Production Distribution & Exhibition
ZENSARTECH,Zensar Technologies Limited,Computers - Software & Consulting
GOKULAGRO,Gokul Agro Resources Limited,Edible Oil
MEDPLUS,Medplus Health Services Limited,Pharmacy Retail
PRIVISCL,Privi Speciality Chemicals Limited,Specialty Chemicals
TIIL,Technocraft Industries (India) Limited,Iron & Steel Products
ANGELONE,Angel One Limited,Stockbroking & Allied
AIAENG,AIA Engineering Limited,Castings & Forgings
ARSSBL,Anand Rathi Share and Stock Brokers Limited,Stockbroking & Allied
SERVOTECH,Servotech Renewable Power System Limited,Other Electrical Equipment
SARLAPOLY,Sarla Performance Fibers Limited,Other Textile Products
CRAMC,Canara Robeco Asset Management Company Limited,Asset Management Company
TRANSRAILL,Transrail Lighting Limited,Heavy Electrical Equipment
KIOCL,KIOCL Limited,Sponge Iron
ASALCBR,Associated Alcohols & Breweries Ltd.,Breweries & Distilleries
ASTERDM,Aster DM Healthcare Limited,Hospital
APEX,Apex Frozen Foods Limited,Seafood
WELCORP,Welspun Corp Limited,Iron & Steel Products
POONAWALLA,Poonawalla Fincorp Limited,Non Banking Financial Company (NBFC)
DREDGECORP,Dredging Corporation of India Limited,Dredging
HDIL,Housing Development and Infrastructure Limited,Residential Commercial Projects
ICRA,ICRA Limited,Ratings
KNRCON,KNR Constructions Limited,Civil Construction
POKARNA,Pokarna Limited,Granites & Marbles
ICICIAMC,ICICI Prudential Asset Management Company Limited,Asset Management Company
TMPV,Tata Motors Passenger Vehicles Limited,Passenger Cars & Utility Vehicles
STEELXIND,STEEL EXCHANGE INDIA LIMITED,Iron & Steel Products
KPIL,Kalpataru Projects International Limited,Civil Construction
JYOTISTRUC,Jyoti Structures Limited,Heavy Electrical Equipment
NLCINDIA,NLC India Limited,Power Generation
INDOAMIN,Indo Amines Limited,Specialty Chemicals
RVNL,Rail Vikas Nigam Limited,Civil Construction
COALINDIA,Coal India Limited,Coal
HCL-INSYS,HCL Infosystems Limited,Computers Hardware & Equipments
SIEMENS,Siemens Limited,Heavy Electrical Equipment
AJOONI,Ajooni Biotech Limited,Animal Feed
POLYCAB,Polycab India Limited,Cables - Electricals
KRBL,KRBL Limited,Other Agricultural Products
THOMASCOOK,Thomas Cook  (India)  Limited,Tour Travel Related Services
TARC,TARC Limited,Residential Commercial Projects
BAIDFIN,Baid Finserv Limited,Non Banking Financial Company (NBFC)
TAC,TAC Infosec Limited,Computers - Software & Consulting
VTL,Vardhman Textiles Limited,Other Textile Products
AEROFLEX,Aeroflex Industries Limited,Iron & Steel Products
NAVINFLUOR,Navin Fluorine International Limited,Specialty Chemicals
LT,Larsen & Toubro Limited,Civil Construction
RUBFILA,Rubfila International Limited,Rubber
360ONE,360 ONE WAM LIMITED,Stockbroking & Allied
TATAINVEST,Tata Investment Corporation Limited,Investment Company
ADANIENT,Adani Enterprises Limited,Trading - Minerals
CHENNPETRO,Chennai Petroleum Corporation Limited,Refineries & Marketing
AMIRCHAND,Amir Chand Jagdish Kumar (Exports) Limited,Other Agricultural Products
BHARATCOAL,Bharat Coking Coal Limited,Coal
PRAKASH,Prakash Industries Limited,Iron & Steel
TITAN,Titan Company Limited,Gems Jewellery And Watches
KOVAI,Kovai Medical Center & Hospital Limited,HOSPITAL
VAKRANGEE,Vakrangee Limited,IT Enabled Services
PRAKASHSTL,Prakash Steelage Limited,Iron & Steel Products
DODLA,Dodla Dairy Limited,Dairy Products
PNBHOUSING,PNB Housing Finance Limited,Housing Finance Company
MAZDOCK,Mazagon Dock Shipbuilders Limited,Ship Building & Allied Services
NYKAA,FSN E-Commerce Ventures Limited,E-Retail/ E-Commerce
ANDHRSUGAR,The Andhra Sugars Limited,Commodity Chemicals
APOLLOHOSP,Apollo Hospitals Enterprise Limited,Hospital
BALKRISIND,Balkrishna Industries Limited,Tyres & Rubber Products
RADICO,Radico Khaitan Limited,Breweries & Distilleries
BHEL,Bharat Heavy Electricals Limited,Heavy Electrical Equipment
HIMATSEIDE,Himatsingka Seide Limited,Other Textile Products
JAIPURKURT,Nandani Creation Limited,Garments & Apparels
MAANALU,Maan Aluminium Limited,Aluminium
POWERICA,Powerica Limited,Heavy Electrical Equipment
TERASOFT,Tera Software Limited,IT Enabled Services
ABFRL,Aditya Birla Fashion and Retail Limited,Speciality Retail
KALAMANDIR,Sai Silks (Kalamandir) Limited,Speciality Retail
JAICORPLTD,Jai Corp Limited,Plastic Products - Industrial
APARINDS,Apar Industries Limited,Other Electrical Equipment
LENSKART,Lenskart Solutions Limited,Speciality Retail
LAXMIDENTL,Laxmi Dental Limited,Medical Equipment & Supplies
SHAH,Shah Metacorp Limited,Iron & Steel Products
HEG,HEG Limited,Electrodes & Refractories
CAMPUS,Campus Activewear Limited,Footwear
SCI,Shipping Corporation Of India Limited,Shipping
VESUVIUS,Vesuvius India Limited,Electrodes & Refractories
EMMVEE,Emmvee Photovoltaic Power Limited,Other Electrical Equipment
ARKADE,Arkade Developers Limited,Residential Commercial Projects
SHAKTIPUMP,Shakti Pumps (India) Limited,Compressors Pumps & Diesel Engines
ITCHOTELS,ITC Hotels Limited,Hotels & Resorts
WELSPUNLIV,Welspun Living Limited,Other Textile Products
JAYSREETEA,Jayshree Tea & Industries Limited,Tea & Coffee
BSE,BSE Limited,Exchange and Data Platform
63MOONS,63 moons technologies limited,Computers - Software & Consulting
BLKASHYAP,B. L. Kashyap and Sons Limited,Civil Construction
SENCO,Senco Gold Limited,Gems Jewellery And Watches
GARUDA,Garuda Construction and Engineering Limited,Civil Construction
MGEL,Mangalam Global Enterprise Limited,Other Agricultural Products
VINCOFE,Vintage Coffee And Beverages Limited,Trading & Distributors
ARFIN,Arfin India Limited,Aluminium
HATHWAY,Hathway Cable & Datacom Limited,TV Broadcasting & Software Production
CANFINHOME,Can Fin Homes Limited,Housing Finance Company
CENTURYPLY,Century Plyboards (India) Limited,Plywood Boards/ Laminates
CSBBANK,CSB Bank Limited,Private Sector Bank
GRAPHITE,Graphite India Limited,Electrodes & Refractories
RIIL,Reliance Industrial Infrastructure Limited,Logistics Solution Provider
PCBL,PCBL Chemical Limited,Carbon Black
HINDCOPPER,Hindustan Copper Limited,Copper
ABCOTS,A B Cotspin India Limited,Other Textile Products
MICEL,MIC Electronics Limited,Other Industrial Products
CAMS,Computer Age Management Services Limited,Depositories Clearing Houses and Other Intermediaries
SKIPPER,Skipper Limited,Heavy Electrical Equipment
JSLL,Jeena Sikho Lifecare Limited,Wellness
BBL,Bharat Bijlee Limited,Heavy Electrical Equipment
BANARISUG,Bannari Amman Sugars Limited,Sugar
MANINFRA,Man Infraconstruction Limited,Residential Commercial Projects
KITEX,Kitex Garments Limited,Garments & Apparels
OLECTRA,Olectra Greentech Limited,Passenger Cars & Utility Vehicles
ATHERENERG,Ather Energy Limited,2/3 Wheelers
SHREEJISPG,Shreeji Shipping Global Limited,Shipping
MAXHEALTH,Max Healthcare Institute Limited,Hospital
SURYAROSNI,Surya Roshni Limited,Iron & Steel Products
SUZLON,Suzlon Energy Limited,Heavy Electrical Equipment
HINDZINC,Hindustan Zinc Limited,Zinc
ISGEC,Isgec Heavy Engineering Limited,Civil Construction
DIGITIDE,Digitide Solutions Limited,IT Enabled Services
KWIL,Kwality Wall's (India) Limited,Dairy Products
GICL,Globe International Carriers Limited,Logistics Solution Provider
BBOX,Black Box Limited,IT Enabled Services
NBCC,NBCC (India) Limited,Civil Construction
DHAMPURSUG,Dhampur Sugar Mills Limited,Sugar
ORIENTHOT,Oriental Hotels Limited,Hotels & Resorts
GIPCL,Gujarat Industries Power Company Limited,Power Generation
BCG,Brightcom Group Limited,IT Enabled Services
DBOL,Dhampur Bio Organics Limited,Sugar
MARUTI,Maruti Suzuki India Limited,Passenger Cars & Utility Vehicles
STANLEY,Stanley Lifestyles Limited,Furniture Home Furnishing
RBLBANK,RBL Bank Limited,Private Sector Bank
RISHABH,Rishabh Instruments Limited,Other Electrical Equipment
KPRMILL,K.P.R. Mill Limited,Other Textile Products
CHALET,Chalet Hotels Limited,Hotels & Resorts
BOMDYEING,Bombay Dyeing & Mfg Company Limited,Other Textile Products
RTNPOWER,RattanIndia Power Limited,Power Generation
EMAMIREAL,Emami Realty Limited,Residential Commercial Projects
SAPPHIRE,Sapphire Foods India Limited,Restaurants
EIEL,Enviro Infra Engineers Limited,Water Supply & Management
PFOCUS,Prime Focus Limited,Media & Entertainment
HUBTOWN,Hubtown Limited,Residential Commercial Projects
ESTER,Ester Industries Limited,Packaging
JMA,Jullundur Motor Agency (Delhi) Limited,Trading - Auto Components
ELGIEQUIP,Elgi Equipments Limited,Compressors Pumps & Diesel Engines
INTERARCH,Interarch Building Solutions Limited,Civil Construction
ANANTAM,Anantam Highways Trust,Civil Construction
CEINSYS,Ceinsys Tech Limited,IT Enabled Services
INGERRAND,Ingersoll Rand (India) Limited,Compressors Pumps & Diesel Engines
PIDILITIND,Pidilite Industries Limited,Specialty Chemicals
CRISIL,CRISIL Limited,Other Financial Services
SAGILITY,SAGILITY LIMITED,IT Enabled Services
WAAREERTL,Waaree Renewable Technologies Limited,Other Electrical Equipment
TEMBO,Tembo Global Industries Limited,Iron & Steel Products
HBLENGINE,HBL Engineering Limited,Other Industrial Products
PRESTIGE,Prestige Estates Projects Limited,Residential Commercial Projects
GANDHITUBE,Gandhi Special Tubes Limited,Iron & Steel Products
PAISALO,Paisalo Digital Limited,Non Banking Financial Company (NBFC)
ARVSMART,Arvind SmartSpaces Limited,Residential Commercial Projects
VERANDA,Veranda Learning Solutions Limited,E-Learning
COFFEEDAY,Coffee Day Enterprises Limited,Restaurants
SHARDACROP,Sharda Cropchem Limited,Pesticides & Agrochemicals
OBEROIRLTY,Oberoi Realty Limited,Residential Commercial Projects
JAGRAN,Jagran Prakashan Limited,Print Media
STYLAMIND,Stylam Industries Limited,Plywood Boards/ Laminates
GODREJPROP,Godrej Properties Limited,Residential Commercial Projects
TIRUMALCHM,Thirumalai Chemicals Limited,Commodity Chemicals
EASEMYTRIP,Easy Trip Planners Limited,Tour Travel Related Services
CELEBRITY,Celebrity Fashions Limited,Garments & Apparels
TOTAL,Total Transport Systems Limited,Logistics Solution Provider
NORTHARC,Northern Arc Capital Limited,Non Banking Financial Company (NBFC)
RATNAVEER,Ratnaveer Precision Engineering Limited,Iron & Steel Products
SIRCA,Sirca Paints India Limited,Paints
ICICIGI,ICICI Lombard General Insurance Company Limited,General Insurance
INDUSINVIT,Indus Infra Trust,Road Assets - Toll Annuity Hybrid-Annuity
APLAPOLLO,APL Apollo Tubes Limited,Iron & Steel Products
INDIAMART,Indiamart Intermesh Limited,Internet & Catalogue Retail
BATAINDIA,Bata India Limited,Footwear
HYUNDAI,Hyundai Motor India Limited,Passenger Cars & Utility Vehicles
MANAKSTEEL,Manaksia Steels Limited,Iron & Steel
UPL,UPL Limited,Pesticides & Agrochemicals
LANDMARK,Landmark Cars Limited,Auto Dealer
TITAGARH,TITAGARH RAIL SYSTEMS LIMITED,Railway Wagons
MTARTECH,Mtar Technologies Limited,Other Electrical Equipment
AXITA,Axita Cotton Limited,Other Textile Products
RAJESHEXPO,Rajesh Exports Limited,Gems Jewellery And Watches
ACMESOLAR,Acme Solar Holdings Limited,Power Generation
VIPIND,VIP Industries Limited,Plastic Products - Consumer
DENTA,Denta Water and Infra Solutions Limited,Water Supply & Management
CHOLAFIN,Cholamandalam Investment and Finance Company Limited,Non Banking Financial Company (NBFC)
PSPPROJECT,PSP Projects Limited,Civil Construction
KTKBANK,The Karnataka Bank Limited,Private Sector Bank
STARHEALTH,Star Health and Allied Insurance Company Limited,General Insurance
RALLIS,Rallis India Limited,Pesticides & Agrochemicals
AUBANK,AU Small Finance Bank Limited,Other Bank
ASTRAL,Astral Limited,Plastic Products - Industrial
KEI,KEI Industries Limited,Cables - Electricals
INDIGO,InterGlobe Aviation Limited,Airline
REGAAL,Regaal Resources Limited,Other Agricultural Products
GANESHHOU,GANESH HOUSING LIMITED,Residential Commercial Projects
TASTYBITE,Tasty Bite Eatables Limited,Packaged Foods
UGROCAP,Ugro Capital Limited,Non Banking Financial Company (NBFC)
NIACL,The New India Assurance Company Limited,General Insurance
INOXWIND,Inox Wind Limited,Heavy Electrical Equipment
BAJEL,Bajel Projects Limited,Heavy Electrical Equipment
PNGSREVA,PNGS Reva Diamond Jewellery Limited,Gems Jewellery And Watches
TRENT,Trent Limited,Speciality Retail
PIRAMALFIN,Piramal Finance Limited,Non Banking Financial Company (NBFC)
FEDERALBNK,The Federal Bank  Limited,Private Sector Bank
TIMETECHNO,Time Technoplast Limited,Plastic Products - Industrial
NAZARA,Nazara Technologies Limited,Digital Entertainment
VMSTMT,VMS TMT Limited,Iron & Steel Products
UNITECH,Unitech Limited,Residential Commercial Projects
IVALUE,Ivalue Infosolutions Limited,Computers Hardware & Equipments
POWERINDIA,Hitachi Energy India Limited,Heavy Electrical Equipment
GRWRHITECH,Garware Hi-Tech Films Limited,Plastic Products - Industrial
JSL,Jindal Stainless Limited,Iron & Steel
DATAMATICS,Datamatics Global Services Limited,IT Enabled Services
AVALON,Avalon Technologies Limited,Other Electrical Equipment
EMUDHRA,eMudhra Limited,IT Enabled Services
MUFIN,Mufin Green Finance Limited,Non Banking Financial Company (NBFC)
SIGNATURE,Signatureglobal (India) Limited,Residential Commercial Projects
UTIAMC,UTI Asset Management Company Limited,Asset Management Company
IRB,IRB Infrastructure Developers Limited,Civil Construction
PTC,PTC India Limited,Power Trading
BAJFINANCE,Bajaj Finance Limited,Non Banking Financial Company (NBFC)
TATACHEM,Tata Chemicals Limited,Commodity Chemicals
TCI,Transport Corporation of India Limited,Logistics Solution Provider
CESC,CESC Limited,Integrated Power Utilities
PREMEXPLN,Premier Explosives Limited,Explosives
SAREGAMA,Saregama India Limited,Media & Entertainment
KIRLOSENG,Kirloskar Oil Engines Limited,Compressors Pumps & Diesel Engines
GODREJAGRO,Godrej Agrovet Limited,Animal Feed
KIMS,Krishna Institute of Medical Sciences Limited,Hospital
RATEGAIN,Rategain Travel Technologies Limited,Computers - Software & Consulting
CGCL,Capri Global Capital Limited,Non Banking Financial Company (NBFC)
NUVAMA,Nuvama Wealth Management Limited,Stockbroking & Allied
SGFIN,SG Finserve Limited,Non Banking Financial Company (NBFC)
REDTAPE,Redtape Limited,Footwear
DBCORP,D.B.Corp Limited,Print Media
TATAPOWER,Tata Power Company Limited,Integrated Power Utilities
RAINBOW,Rainbow Childrens Medicare Limited,Hospital
KPIGREEN,KPI Green Energy Limited,Power Generation
PGINVIT,POWERGRID Infrastructure Investment Trust,Power - Transmission
INDORAMA,Indo Rama Synthetics (India) Limited,Other Textile Products
DCM,DCM  Limited,IT Enabled Services
ZENITHSTL,Zenith Steel Pipes & Industries Limited,Iron & Steel Products
WABAG,VA Tech Wabag Limited,Water Supply & Management
KINGFA,Kingfa Science & Technology (India) Limited,Plastic Products - Industrial
MIRZAINT,Mirza International Limited,Leather And Leather Products
NAVA,NAVA LIMITED,Power Generation
HERITGFOOD,Heritage Foods Limited,Dairy Products
GNRL,Gujarat Natural Resources Limited,Oil Exploration & Production
ABDL,Allied Blenders and Distillers Limited,Breweries & Distilleries
KOTARISUG,Kothari Sugars And Chemicals Limited,Sugar
COCHINSHIP,Cochin Shipyard Limited,Ship Building & Allied Services
SBFC,SBFC Finance Limited,Non Banking Financial Company (NBFC)
MAITHANALL,Maithan Alloys Limited,Ferro & Silica Manganese
SONATSOFTW,Sonata Software Limited,Computers - Software & Consulting
FINPIPE,Finolex Industries Limited,Plastic Products - Industrial
KEYFINSERV,Keynote Financial Services Limited,Stockbroking & Allied
KANSAINER,Kansai Nerolac Paints Limited,Paints
AGARWALEYE,Dr. Agarwal's Health Care Limited,Hospital
JINDRILL,Jindal Drilling And Industries Limited,Offshore Support Solution Drilling
DEVYANI,Devyani International Limited,Restaurants
GHCL,GHCL Limited,Commodity Chemicals
TOLINS,Tolins Tyres Limited,Tyres & Rubber Products
VRLLOG,VRL Logistics Limited,Logistics Solution Provider
EXCELSOFT,Excelsoft Technologies Limited,IT Enabled Services
VENTIVE,Ventive Hospitality Limited,Hotels & Resorts
SHK,S H Kelkar and Company Limited,Specialty Chemicals
SPANDANA,Spandana Sphoorty Financial Limited,Microfinance Institutions
IRCTC,Indian Railway Catering And Tourism Corporation Limited,Tour Travel Related Services
UGARSUGAR,The Ugar Sugar Works Limited,Sugar
CYIENT,Cyient Limited,IT Enabled Services
JISLJALEQS,Jain Irrigation Systems Limited,Plastic Products - Industrial
ANDHRAPAP,ANDHRA PAPER LIMITED,Paper & Paper Products
ORKLAINDIA,Orkla India Limited,Other Food Products
NACLIND,NACL Industries Limited,Pesticides & Agrochemicals
GROWW,Billionbrains Garage Ventures Limited,Stockbroking & Allied
NIITLTD,NIIT Limited,Education
ANANTRAJ,Anant Raj Limited,Residential Commercial Projects
YATRA,Yatra Online Limited,Tour Travel Related Services
MAGADSUGAR,Magadh Sugar & Energy Limited,Sugar
CREDITACC,CREDITACCESS GRAMEEN LIMITED,Microfinance Institutions
CARTRADE,Cartrade Tech Limited,E-Retail/ E-Commerce
RAYMONDREL,Raymond Realty Limited,Residential Commercial Projects
IPL,India Pesticides Limited,Pesticides & Agrochemicals
SBICARD,SBI Cards and Payment Services Limited,Non Banking Financial Company (NBFC)
BAJAJHIND,Bajaj Hindusthan Sugar Limited,Sugar
SOUTHBANK,The South Indian Bank Limited,Private Sector Bank
BASF,BASF India Limited,Specialty Chemicals
RITES,RITES Limited,Civil Construction
ATLANTAA,ATLANTAA LIMITED,Road Assets - Toll Annuity Hybrid-Annuity
STLNETWORK,STL Networks Limited,Other Telecom Services
GREENPANEL,Greenpanel Industries Limited,Plywood Boards/ Laminates
ELECTCAST,Electrosteel Castings Limited,Iron & Steel Products
GREENPOWER,Orient Green Power Company Limited,Power Generation
KAMDHENU,Kamdhenu Limited,Iron & Steel Products
BAJAJHFL,Bajaj Housing Finance Limited,Housing Finance Company
GREENLAM,Greenlam Industries Limited,Plywood Boards/ Laminates
MOLDTKPAC,Mold-Tek Packaging Limited,Packaging
ITDC,India Tourism Development Corporation Limited,Hotels & Resorts
LTFOODS,LT Foods Limited,Other Agricultural Products
RENUKA,Shree Renuka Sugars Limited,Sugar
HEROMOTOCO,Hero MotoCorp Limited,2/3 Wheelers
PETRONET,Petronet LNG Limited,LPG/CNG/PNG/LNG Supplier
LODHA,Lodha Developers Limited,Residential Commercial Projects
EXCELINDUS,Excel Industries Limited,Specialty Chemicals
JUBLFOOD,Jubilant Foodworks Limited,Restaurants
VINATIORGA,Vinati Organics Limited,Specialty Chemicals
MARKOLINES,Markolines Pavement Technologies Limited,Civil Construction
ALMONDZ,Almondz Global Securities Limited,Stockbroking & Allied
IXIGO,Le Travenues Technology Limited,Tour Travel Related Services
APTUS,Aptus Value Housing Finance India Limited,Housing Finance Company
3IINFOLTD,3i Infotech Limited,Computers - Software & Consulting
RUCHIRA,Ruchira Papers Limited,Paper & Paper Products
TAJGVK,Taj GVK Hotels & Resorts Limited,Hotels & Resorts
ABCAPITAL,Aditya Birla Capital Limited,Investment Company
NETWORK18,Network18 Media & Investments Limited,Media & Entertainment
ASHOKA,Ashoka Buildcon Limited,Civil Construction
PIIND,PI Industries Limited,Pesticides & Agrochemicals
KARURVYSYA,Karur Vysya Bank Limited,Private Sector Bank
RPSGVENT,RPSG VENTURES LIMITED,Business Process Outsourcing (BPO)/ Knowledge Process Outsourcing (KPO)
KOTAKBANK,Kotak Mahindra Bank Limited,Private Sector Bank
CEIGALL,Ceigall India Limited,Civil Construction
SHAREINDIA,Share India Securities Limited,Stockbroking & Allied
CASTROLIND,Castrol India Limited,Lubricants
UNITDSPR,United Spirits Limited,Breweries & Distilleries
TATACONSUM,TATA CONSUMER PRODUCTS LIMITED,Tea & Coffee
HOMEFIRST,Home First Finance Company India Limited,Housing Finance Company
EIDPARRY,EID Parry India Limited,Other Food Products
INOXINDIA,INOX India Limited,Other Industrial Products
JSWHL,JSW Holdings Limited,Investment Company
CANHLIFE,Canara HSBC Life Insurance Company Limited,Life Insurance
SJVN,SJVN Limited,Power Generation
AROGRANITE,Aro Granite Industries Limited,Granites & Marbles
FCL,Fineotex Chemical Limited,Specialty Chemicals
TATASTEEL,Tata Steel Limited,Iron & Steel
HUHTAMAKI,Huhtamaki India Limited,Packaging
CAMLINFINE,Camlin Fine Sciences Limited,Specialty Chemicals
LICI,Life Insurance Corporation Of India,Life Insurance
CUMMINSIND,Cummins India Limited,Compressors Pumps & Diesel Engines
ESSARSHPNG,Essar Shipping Limited,Shipping
KMSUGAR,K.M.Sugar Mills Limited,Sugar
RPOWER,Reliance Power Limited,Power Generation
PROTEAN,Protean eGov Technologies Limited,IT Enabled Services
VBL,Varun Beverages Limited,Other Beverages
MANINDS,Man Industries (India) Limited,Iron & Steel Products
VSSL,Vardhman Special Steels Limited,Iron & Steel Products
LAOPALA,La Opala RG Limited,Glass - Consumer
IDBI,IDBI Bank Limited,Private Sector Bank
VOLTAMP,Voltamp Transformers Limited,Heavy Electrical Equipment
ZYDUSWELL,Zydus Wellness Limited,Packaged Foods
SAIL,Steel Authority of India Limited,Iron & Steel
SPLIL,SPL Industries Limited,Trading - Textile Products
AURUM,Aurum PropTech Limited,IT Enabled Services
ESABINDIA,Esab India Limited,Other Industrial Products
DREAMFOLKS,Dreamfolks Services Limited,Airport & Airport services
CELLO,Cello World Limited,Houseware
NHPC,NHPC Limited,Power Generation
HERANBA,Heranba Industries Limited,Pesticides & Agrochemicals
UTSSAV,Utssav CZ Gold Jewels Limited,Gems Jewellery And Watches
ZODIACLOTH,Zodiac Clothing Company Limited,Garments & Apparels
LTTS,L&T Technology Services Limited,IT Enabled Services
DAMCAPITAL,Dam Capital Advisors Limited,Stockbroking & Allied
MCX,Multi Commodity Exchange of India Limited,Exchange and Data Platform
BRIGADE,Brigade Enterprises Limited,Residential Commercial Projects
BAJAJFINSV,Bajaj Finserv Limited,Holding Company
MANYAVAR,Vedant Fashions Limited,Speciality Retail
AWL,AWL Agri Business Limited,Edible Oil
GALAXYSURF,Galaxy Surfactants Limited,Specialty Chemicals
AGI,AGI Greenpac Limited,Packaging
SILVERTUC,Silver Touch Technologies Limited,Computers - Software & Consulting
THERMAX,Thermax Limited,Heavy Electrical Equipment
QUADFUTURE,Quadrant Future Tek Limited,Cables - Electricals
VSTL,Vibhor Steel Tubes Limited,Iron & Steel Products
URJA,Urja Global Limited,Other Electrical Equipment
SUPREME,Supreme Holdings & Hospitality (India) Limited,Residential Commercial Projects
PTCIL,PTC Industries Limited,Other Industrial Products
ALPEXSOLAR,Alpex Solar Limited,Other Electrical Equipment
SUNDARAM,Sundaram Multi Pap Limited,Stationary
SADBHIN,Sadbhav Infrastructure Project Limited,Civil Construction
KRITIKA,Kritika Wires Limited,Iron & Steel Products
AVL,Aditya Vision Limited,Speciality Retail
DNAMEDIA,Diligent Media Corporation Limited,Electronic Media
GRPLTD,GRP Limited,Rubber
NIVABUPA,Niva Bupa Health Insurance Company Limited,General Insurance
OILCOUNTUB,Oil Country Tubular Limited,Oil Equipment & Services
CENTEXT,Century Extrusions Limited,Aluminium Copper & Zinc Products
NDL,Nandan Denim Limited,Other Textile Products
CYBERMEDIA,Cyber Media (India) Limited,Electronic Media
HEXATRADEX,Hexa Tradex Limited,Investment Company
TVSHLTD,TVS Holdings Limited,Investment Company
POWERMECH,Power Mech Projects Limited,Civil Construction
DDEVPLSTIK,Ddev Plastiks Industries Limited,Specialty Chemicals
PDMJEPAPER,Pudumjee Paper Products Limited,Paper & Paper Products
LOTUSEYE,Lotus Eye Hospital and Institute Limited,Hospital
NARMADA,Narmada Agrobase Limited,Animal Feed
MCLOUD,Magellanic Cloud Limited,Computers - Software & Consulting
SKYGOLD,SKY GOLD AND DIAMONDS LIMITED,Gems Jewellery And Watches
INDRAMEDCO,Indraprastha Medical Corporation Limited,Hospital
SNOWMAN,Snowman Logistics Limited,Logistics Solution Provider
TATVA,Tatva Chintan Pharma Chem Limited,Specialty Chemicals
BHARATRAS,Bharat Rasayan Limited,Pesticides & Agrochemicals
PYRAMID,Pyramid Technoplast Limited,Packaging
MITTAL,Mittal Life Style Limited,Garments & Apparels
CONCOR,Container Corporation of India Limited,Logistics Solution Provider
NAVKARCORP,Navkar Corporation Limited,Logistics Solution Provider
SANATHAN,Sanathan Textiles Limited,Other Textile Products
HBSL,HB Stockholdings Limited,Non Banking Financial Company (NBFC)
GATECHDVR,GACM Technologies Limited,Other Financial Services
THOMASCOTT,Thomas Scott (India) Limited,Garments & Apparels
YESBANK,Yes Bank Limited,Private Sector Bank
BALAJEE,Shree Tirupati Balajee Agro Trading Company Limited,Packaging
ECOSMOBLTY,Ecos (India) Mobility & Hospitality Limited,Road Transport
VADILALIND,Vadilal Industries Limited,Dairy Products
SANSTAR,Sanstar Limited,Other Agricultural Products
SARDAEN,Sarda Energy & Minerals Limited,Iron & Steel
MANAKCOAT,Manaksia Coated Metals & Industries Limited,Iron & Steel Products
DIAMONDYD,Prataap Snacks Limited,Packaged Foods
MAXIND,Max India Limited,Holding Company
NH,Narayana Hrudayalaya Ltd.,Hospital
MANAPPURAM,Manappuram Finance Limited,Non Banking Financial Company (NBFC)
VPRPL,Vishnu Prakash R Punglia Limited,Civil Construction
BIRLAMONEY,Aditya Birla Money Limited,Stockbroking & Allied
WESTLIFE,WESTLIFE FOODWORLD LIMITED,Restaurants
BALAMINES,Balaji Amines Limited,Specialty Chemicals
GRINDWELL,Grindwell Norton Limited,Abrasives & Bearings
PLAZACABLE,Plaza Wires Limited,Cables - Electricals
SANDUMA,Sandur Manganese & Iron Ores Limited,Coal
TCIEXP,TCI Express Limited,Logistics Solution Provider
ROSSARI,Rossari Biotech Limited,Specialty Chemicals
PRABHA,Prabha Energy Limited,Oil Exploration & Production
AFIL,Akme Fintrade (India) Limited,Non Banking Financial Company (NBFC)
IFGLEXPOR,IFGL Refractories Limited,Electrodes & Refractories
STYRENIX,Styrenix Performance Materials Limited,Specialty Chemicals
KAJARIACER,Kajaria Ceramics Limited,Ceramics
METROBRAND,Metro Brands Limited,Footwear
CUB,City Union Bank Limited,Private Sector Bank
CIGNITITEC,Cigniti Technologies Limited,IT Enabled Services
EXXARO,Exxaro Tiles Limited,Ceramics
SAFARI,Safari Industries (India) Limited,Plastic Products - Consumer
AMBIKCO,Ambika Cotton Mills Limited,Other Textile Products
MRF,MRF Limited,Tyres & Rubber Products
RANEHOLDIN,Rane Holdings Limited,Holding Company
CHOLAHLDNG,Cholamandalam Financial Holdings Limited,Investment Company
FINCABLES,Finolex Cables Limited,Cables - Electricals
PNCINFRA,PNC Infratech Limited,Civil Construction
BHAGERIA,Bhageria Industries Limited,Dyes And Pigments
ROUTE,ROUTE MOBILE LIMITED,Other Telecom Services
AIIL,Authum Investment & Infrastructure Limited,Non Banking Financial Company (NBFC)
RUSTOMJEE,Keystone Realtors Limited,Residential Commercial Projects
RMC,RMC Switchgears Limited,Other Electrical Equipment
PGIL,Pearl Global Industries Limited,Garments & Apparels
ALOKINDS,Alok Industries Limited,Other Textile Products
ABB,ABB India Limited,Heavy Electrical Equipment
ESCORTS,Escorts Kubota Limited,Tractors
LICHSGFIN,LIC Housing Finance Limited,Housing Finance Company
SEAMECLTD,Seamec Limited,Shipping
BSOFT,BIRLASOFT LIMITED,Computers - Software & Consulting
TORNTPOWER,Torrent Power Limited,Integrated Power Utilities
SOBHA,Sobha Limited,Residential Commercial Projects
GICHSGFIN,GIC Housing Finance Limited,Housing Finance Company
NELCAST,Nelcast Limited,Castings & Forgings
SAKHTISUG,Sakthi Sugars Limited,Sugar
ARVIND,Arvind Limited,Garments & Apparels
ASIANPAINT,Asian Paints Limited,Paints
TECILCHEM,TECIL Chemicals and Hydro Power Limited,Commodity Chemicals
NAVNETEDUL,Navneet Education Limited,Stationary
JKPAPER,JK Paper Limited,Paper & Paper Products
VAIBHAVGBL,Vaibhav Global Limited,Gems Jewellery And Watches
SUNTV,Sun TV Network Limited,TV Broadcasting & Software Production
MAXESTATES,Max Estates Limited,Residential Commercial Projects
SAMHI,Samhi Hotels Limited,Hotels & Resorts
SFL,Sheela Foam Limited,Furniture Home Furnishing
TVSMOTOR,TVS Motor Company Limited,2/3 Wheelers
DMCC,DMCC SPECIALITY CHEMICALS LIMITED,Specialty Chemicals
USHAMART,Usha Martin Limited,Iron & Steel Products
DBREALTY,Valor Estate Limited,Residential Commercial Projects
DIGIKORE,Digikore Studios Limited,Media & Entertainment
ADFFOODS,ADF Foods Limited,Packaged Foods
DAMODARIND,Damodar Industries Limited,Other Textile Products
ONWARDTEC,Onward Technologies Limited,IT Enabled Services
BERGEPAINT,Berger Paints (I) Limited,Paints
MHRIL,Mahindra Holidays & Resorts India Limited,Hotels & Resorts
VENKEYS,Venky's (India) Limited,Meat Products including Poultry
WIPRO,Wipro Limited,Computers - Software & Consulting
AWHCL,Antony Waste Handling Cell Limited,Waste Management
FINEORG,Fine Organic Industries Limited,Specialty Chemicals
TATAELXSI,Tata Elxsi Limited,Computers - Software & Consulting
GRMOVER,GRM Overseas Limited,Other Agricultural Products
VENUSPIPES,Venus Pipes & Tubes Limited,Iron & Steel Products
BLUEDART,Blue Dart Express Limited,Logistics Solution Provider
EQUIPPP,Equippp Social Impact Technologies Limited,Computers - Software & Consulting
AFFLE,Affle 3i Limited,IT Enabled Services
IDFCFIRSTB,IDFC First Bank Limited,Private Sector Bank
IGL,Indraprastha Gas Limited,LPG/CNG/PNG/LNG Supplier
SOMATEX,Soma Textiles & Industries Limited,Other Textile Products
FORCEMOT,FORCE MOTORS LTD,Passenger Cars & Utility Vehicles
KSOLVES,Ksolves India Limited,Computers - Software & Consulting
SHALPAINTS,Shalimar Paints Limited,Paints
CDSL,Central Depository Services (India) Limited,Depositories Clearing Houses and Other Intermediaries
BLSE,BLS E-Services Limited,IT Enabled Services
GOKEX,Gokaldas Exports Limited,Garments & Apparels
FUSION,Fusion Finance Limited,Microfinance Institutions
ALLCARGO,Allcargo Logistics Limited,Logistics Solution Provider
IRBINVIT,IRB InvIT Fund,Road Assets - Toll Annuity Hybrid-Annuity
HAPPYFORGE,Happy Forgings Limited,Castings & Forgings
SOMANYCERA,Somany Ceramics Limited,Ceramics
NAGREEKCAP,Nagreeka Capital & Infrastructure Limited,Investment Company
KANANIIND,Kanani Industries Limited,Gems Jewellery And Watches
ARROWGREEN,Arrow Greentech Limited,Packaging
CYBERTECH,Cybertech Systems And Software Limited,Computers - Software & Consulting
HLVLTD,HLV LIMITED,Hotels & Resorts
ABLBL,Aditya Birla Lifestyle Brands Limited,Speciality Retail
TRACXN,Tracxn Technologies Limited,Data Processing Services
TPHQ,Teamo Productions HQ Limited,Civil Construction
ZEEMEDIA,Zee Media Corporation Limited,TV Broadcasting & Software Production
PNC,Pritish Nandy Communications Limited,Film Production Distribution & Exhibition
HARIOMPIPE,Hariom Pipe Industries Limited,Iron & Steel Products
SHRENIK,Shrenik Limited,Paper & Paper Products
PAUSHAKLTD,Paushak Limited,Specialty Chemicals
PREMIERPOL,Premier Polyfilm Limited,Plastic Products - Industrial
GAYAPROJ,Gayatri Projects Limited,Civil Construction
UMAEXPORTS,Uma Exports Limited,Trading & Distributors
GAYAHWS,Gayatri Highways Limited,Road Assets - Toll Annuity Hybrid-Annuity
SCPL,Sheetal Cool Products Limited,Dairy Products
INDIASHLTR,India Shelter Finance Corporation Limited,Housing Finance Company
VISHNU,Vishnu Chemicals Limited,Specialty Chemicals
JSWDULUX,JSW Dulux Limited,Paints
VISHWARAJ,Vishwaraj Sugar Industries Limited,Sugar
VIKASECO,Vikas EcoTech Limited,Specialty Chemicals
GLOTTIS,Glottis Limited,Logistics Solution Provider
KMEW,Knowledge Marine & Engineering Works Limited,Dredging
MAHAPE-RE,Maha Rashtra Apex Corporation Limited-RE,Other Financial Services
PRITI,Priti International Limited,Furniture Home Furnishing
HILINFRA,Highway Infrastructure Limited,Road Assets - Toll Annuity Hybrid-Annuity
ENRIN,Siemens Energy India Limited,Heavy Electrical Equipment
CLEANMAX,Clean Max Enviro Energy Solutions Limited,Power Generation
BRNL,Bharat Road Network Limited,Civil Construction
PRAXIS,Praxis Home Retail Limited,Speciality Retail
SOLARWORLD,Solarworld Energy Solutions Limited,Civil Construction
MAHASTEEL,Mahamaya Steel Industries Limited,Iron & Steel Products
SUDARSCHEM,Sudarshan Chemical Industries Limited,Dyes And Pigments
IWARE,Iware Supplychain Services Limited,Logistics Solution Provider
SAPPL,Shree Ajit Pulp & Paper Limited,Paper & Paper Products
KSL,Kalyani Steels Limited,Iron & Steel Products
BUILDPRO,Shankara Buildpro Limited,Trading & Distributors
REPL,Rudrabhishek Enterprises Limited,Real Estate related services
WPIL,WPIL Limited,Other Industrial Products
LAHOTIOV,Lahoti Overseas Limited,Trading & Distributors
TRAVELFOOD,Travel Food Services Limited,Restaurants
APOLLOTYRE,Apollo Tyres Limited,Tyres & Rubber Products
EPIGRAL,Epigral Limited,Specialty Chemicals
FEDDERSHOL,Fedders Holding Limited,Non Banking Financial Company (NBFC)
NITTAGELA,Nitta Gelatin India Limited,Specialty Chemicals
KKCL,Kewal Kiran Clothing Limited,Garments & Apparels
CEATLTD,CEAT Limited,Tyres & Rubber Products
KALYANKJIL,Kalyan Jewellers India Limited,Gems Jewellery And Watches
GREAVESCOT,Greaves Cotton Limited,Compressors Pumps & Diesel Engines
HAPPSTMNDS,Happiest Minds Technologies Limited,Computers - Software & Consulting
AAVAS,Aavas Financiers Limited,Housing Finance Company
LEMONTREE,Lemon Tree Hotels Limited,Hotels & Resorts
CARBORUNIV,Carborundum Universal Limited,Abrasives & Bearings
HITECH,Hi-Tech Pipes Limited,Iron & Steel Products
GOLDIAM,Goldiam International Limited,Gems Jewellery And Watches
ETERNAL,ETERNAL LIMITED,E-Retail/ E-Commerce
BORORENEW,BOROSIL RENEWABLES LIMITED,Glass - Industrial
SHADOWFAX,Shadowfax Technologies Limited,Logistics Solution Provider
KANCHI,Kanchi Karpooram Limited,Commodity Chemicals
NEWGEN,Newgen Software Technologies Limited,Computers - Software & Consulting
FSL,Firstsource Solutions Limited,Business Process Outsourcing (BPO)/ Knowledge Process Outsourcing (KPO)
KPITTECH,KPIT Technologies Limited,Computers - Software & Consulting
MOLDTECH,Mold-Tek Technologies Limited,Civil Construction
KOKUYOCMLN,Kokuyo Camlin Limited,Stationary
INDIGRID,IndiGrid Infrastructure Trust,Power - Transmission
E2E,E2E Networks Limited,IT Enabled Services
HDBFS,HDB Financial Services Limited,Non Banking Financial Company (NBFC)
SAMBHV,Sambhv Steel Tubes Limited,Iron & Steel Products
KEC,KEC International Limited,Civil Construction
HCG,Healthcare Global Enterprises Limited,Hospital
BALRAMCHIN,Balrampur Chini Mills Limited,Sugar
TI,Tilaknagar Industries Limited,Breweries & Distilleries
TEXRAIL,Texmaco Rail & Engineering Limited,Railway Wagons
WEBELSOLAR,Websol Energy System Limited,Other Electrical Equipment
AXISBANK,Axis Bank Limited,Private Sector Bank
GLOBAL,Global Education Limited,Education
WENDT,Wendt (India) Limited,Abrasives & Bearings
TARAPUR,Tarapur Transformers Limited,Heavy Electrical Equipment
RBA,Restaurant Brands Asia Limited,Restaurants
BANDHANBNK,Bandhan Bank Limited,Private Sector Bank
FIVESTAR,Five-Star Business Finance Limited,Non Banking Financial Company (NBFC)
SOLEX,Solex Energy Limited,Heavy Electrical Equipment
FISCHER,Fischer Medical Ventures Limited,Medical Equipment & Supplies
AEPL,Artemis Electricals and Projects Limited,Other Electrical Equipment
PERSISTENT,Persistent Systems Limited,Computers - Software & Consulting
CEWATER,Concord Enviro Systems Limited,Waste Management
RAILTEL,Railtel Corporation Of India Limited,Other Telecom Services
ENGINERSIN,Engineers India Limited,Civil Construction
JSWENERGY,JSW Energy Limited,Power Generation
ANURAS,Anupam Rasayan India Limited,Specialty Chemicals
SCHNEIDER,Schneider Electric Infrastructure Limited,Heavy Electrical Equipment
REDINGTON,Redington Limited,Trading & Distributors
FIRSTCRY,Brainbees Solutions Limited,E-Retail/ E-Commerce
INNOVISION,Innovision Limited,Road Assets - Toll Annuity Hybrid-Annuity
AURIONPRO,Aurionpro Solutions Limited,Computers - Software & Consulting
FABTECH,Fabtech Technologies Limited,Medical Equipment & Supplies
PCJEWELLER,PC Jeweller Limited,Gems Jewellery And Watches
EXPLEOSOL,Expleo Solutions Limited,IT Enabled Services
GOODLUCK,Goodluck India Limited,Iron & Steel Products
JUBLINGREA,Jubilant Ingrevia Limited,Specialty Chemicals
ADANIENSOL,Adani Energy Solutions Limited,Power Distribution
UJJIVANSFB,Ujjivan Small Finance Bank Limited,Other Bank
GPPL,Gujarat Pipavav Port Limited,Port & Port services
KFINTECH,Kfin Technologies Limited,Depositories Clearing Houses and Other Intermediaries
HDFCLIFE,HDFC Life Insurance Company Limited,Life Insurance
ONMOBILE,OnMobile Global Limited,Web based media and service
JINDALSAW,Jindal Saw Limited,Iron & Steel Products
BESTAGRO,Best Agrolife Limited,Pesticides & Agrochemicals
RAYMONDLSL,Raymond Lifestyle Limited,Other Textile Products
KICL,Kalyani Investment Company Limited,Investment Company
TATATECH,Tata Technologies Limited,IT Enabled Services
TIMEX,Timex Group India Limited,Gems Jewellery And Watches
MASTEK,Mastek Limited,Computers - Software & Consulting
BYKE,The Byke Hospitality Ltd,Hotels & Resorts
PRINCEPIPE,Prince Pipes And Fittings Limited,Plastic Products - Industrial
OSWALPUMPS,Oswal Pumps Limited,Compressors Pumps & Diesel Engines
PNGJL,P N Gadgil Jewellers Limited,Gems Jewellery And Watches
KIRLOSIND,Kirloskar Industries Limited,Other Industrial Products
ELECON,Elecon Engineering Company Limited,Heavy Electrical Equipment
VARDMNPOLY,Vardhman Polytex Limited,Other Textile Products
SALZERELEC,Salzer Electronics Limited,Other Electrical Equipment
MMTC,MMTC Limited,Trading & Distributors
CERA,Cera Sanitaryware Limited,Sanitary Ware
JPOLYINVST,Jindal Poly Investment and Finance Company Limited,Investment Company
STYLEBAAZA,Baazar Style Retail Limited,Speciality Retail
LXCHEM,Laxmi Organic Industries Limited,Specialty Chemicals
KIRIINDUS,Kiri Industries Limited,Dyes And Pigments
ORIANA,Oriana Power Limited,Other Electrical Equipment
MOSCHIP,Moschip Technologies Limited,Computers Hardware & Equipments
PAGEIND,Page Industries Limited,Garments & Apparels
LOTUSDEV,Sri Lotus Developers and Realty Limited,Residential Commercial Projects
DIACABS,Diamond Power Infrastructure Limited,Other Electrical Equipment
5PAISA,5Paisa Capital Limited,Stockbroking & Allied
JINDALSTEL,JINDAL STEEL LIMITED,Iron & Steel
KELLTONTEC,Kellton Tech Solutions Limited,IT Enabled Services
TRIDENT,Trident Limited,Other Textile Products
ACCURACY,Accuracy Shipping Limited,Logistics Solution Provider
DCBBANK,DCB Bank Limited,Private Sector Bank
RAMKY,Ramky Infrastructure Limited,Civil Construction
CNL,Creative Newtech Limited,Trading & Distributors
UEL,Ujaas Energy Limited,Power Generation
BALUFORGE,Balu Forge Industries Limited,Castings & Forgings
ACCELYA,Accelya Solutions India Limited,Computers - Software & Consulting
GENESYS,Genesys International Corporation Limited,IT Enabled Services
ICICIPRULI,ICICI Prudential Life Insurance Company Limited,Life Insurance
ZEEL,Zee Entertainment Enterprises Limited,TV Broadcasting & Software Production
SHRIRAMFIN,Shriram Finance Limited,Non Banking Financial Company (NBFC)
DALMIASUG,Dalmia Bharat Sugar and Industries Limited,Sugar
BAJAJHLDNG,Bajaj Holdings & Investment Limited,Holding Company
JAIBALAJI,Jai Balaji Industries Limited,Iron & Steel
NTPCGREEN,NTPC Green Energy Limited,Power Generation
RELIANCE,Reliance Industries Limited,Refineries & Marketing
GUJALKALI,Gujarat Alkalies and Chemicals Limited,Commodity Chemicals
EMSLIMITED,EMS Limited,Waste Management
PWL,Physicswallah Limited,E-Learning
BOROLTD,Borosil Limited,Houseware
BPCL,Bharat Petroleum Corporation Limited,Refineries & Marketing
RIIT,Raajmarg Infra Investment Trust,Road Assets - Toll Annuity Hybrid-Annuity
AMBEY,Ambey Laboratories Limited,Pesticides & Agrochemicals
MOL,Meghmani Organics Limited,Pesticides & Agrochemicals
DLF,DLF Limited,Residential Commercial Projects
HCC,Hindustan Construction Company Limited,Civil Construction
EIHOTEL,EIH Limited,Hotels & Resorts
NAUKRI,Info Edge (India) Limited,Internet & Catalogue Retail
DPWIRES,D P Wires Limited,Iron & Steel Products
HDFCAMC,HDFC Asset Management Company Limited,Asset Management Company
NINSYS,NINtec Systems Limited,Computers - Software & Consulting
PHOENIXLTD,The Phoenix Mills Limited,Residential Commercial Projects
NGIL,Nakoda Group of Industries Limited,Packaged Foods
ROSSELLIND,Rossell India Limited,Tea & Coffee
SUPREMEIND,Supreme Industries Limited,Plastic Products - Industrial
HALDYNGL,Haldyn Glass Limited,Packaging
REPCOHOME,Repco Home Finance Limited,Housing Finance Company
IRCON,Ircon International Limited,Civil Construction
IOC,Indian Oil Corporation Limited,Refineries & Marketing
TRITURBINE,Triveni Turbine Limited,Heavy Electrical Equipment
VASCONEQ,Vascon Engineers Limited,Residential Commercial Projects
THANGAMAYL,Thangamayil Jewellery Limited,Gems Jewellery And Watches
AETHER,Aether Industries Limited,Specialty Chemicals
SURYODAY,Suryoday Small Finance Bank Limited,Other Bank
GEOJITFSL,Geojit Financial Services Limited,Stockbroking & Allied
CGRAPHICS,Creative Graphics Solutions India Limited,Other Industrial Products
DOMS,DOMS Industries Limited,Stationary
INDHOTEL,The Indian Hotels Company Limited,Hotels & Resorts
OMAXE,Omaxe Limited,Residential Commercial Projects
LATENTVIEW,Latent View Analytics Limited,Computers - Software & Consulting
DONEAR,Donear Industries Limited,Other Textile Products
DLINKINDIA,D-Link (India) Limited,Computers Hardware & Equipments
KDDL,KDDL Limited,Gems Jewellery And Watches
MURUDCERA,Murudeshwar Ceramics Limited,Ceramics
RSYSTEMS,R Systems International Limited,IT Enabled Services
ETHOSLTD,Ethos Limited,Gems Jewellery And Watches
EUROPRATIK,Euro Pratik Sales Limited,Furniture Home Furnishing
ARIHANTCAP,Arihant Capital Markets Limited,Stockbroking & Allied
HINDWAREAP,Hindware Home Innovation Limited,Sanitary Ware
ENTERO,Entero Healthcare Solutions Limited,Pharmacy Retail
BTML,Bodhi Tree Multimedia Limited,Digital Entertainment
KESORAMIND,Kesoram Industries Limited,Other Textile Products
URBANCO,Urban Company Limited,E-Retail/ E-Commerce
NILAINFRA,Nila Infrastructures Limited,Residential Commercial Projects
MPHASIS,MphasiS Limited,Computers - Software & Consulting
DEEPAKNTR,Deepak Nitrite Limited,Specialty Chemicals
SBCL,Shivalik Bimetal Controls Limited,Iron & Steel Products
HINDPETRO,Hindustan Petroleum Corporation Limited,Refineries & Marketing
MUKKA,Mukka Proteins Limited,Animal Feed
SKFINDUS,SKF India (Industrial) Limited,Abrasives & Bearings
IMAGICAA,Imagicaaworld Entertainment Limited,Amusement Parks/ Other Recreation
DISHTV,Dish TV India Limited,TV Broadcasting & Software Production
DOLPHIN,Dolphin Offshore Enterprises (India) Limited,Offshore Support Solution Drilling
GSPL,Gujarat State Petronet Limited,Gas Transmission/Marketing
EICHERMOT,Eicher Motors Limited,2/3 Wheelers
PICCADIL,Piccadily Agro Industries Limited,Breweries & Distilleries
DHARMAJ,Dharmaj Crop Guard Limited,Pesticides & Agrochemicals
MANORAMA,Manorama Industries Limited,Other Food Products
BBTC,The Bombay Burmah Trading Corporation Limited,Packaged Foods
PRECWIRE,Precision Wires India Limited,Aluminium Copper & Zinc Products
WIPL,The Western India Plywoods Limited,Plywood Boards/ Laminates
GREENPLY,Greenply Industries Limited,Plywood Boards/ Laminates
STEELCAS,Steelcast Limited,Castings & Forgings
LEXUS,Lexus Granito (India) Limited,Ceramics
NEOGEN,Neogen Chemicals Limited,Specialty Chemicals
SBILIFE,SBI Life Insurance Company Limited,Life Insurance
LINC,Linc Limited,Stationary
KIRLPNU,Kirloskar Pneumatic Company Limited,Compressors Pumps & Diesel Engines
MBEL,M & B Engineering Limited,Civil Construction
GMRAIRPORT,GMR AIRPORTS LIMITED,Airport & Airport services
DOLATALGO,Dolat Algotech Limited,Stockbroking & Allied
JSFB,Jana Small Finance Bank Limited,Other Bank
DCMSIL,DCM Shriram International Limited,Other Textile Products
RRKABEL,R R Kabel Limited,Cables - Electricals
CUBEXTUB,Cubex Tubings Limited,Aluminium Copper & Zinc Products
RUBYMILLS,The Ruby Mills Limited,Other Textile Products
DBL,Dilip Buildcon Limited,Civil Construction
BODALCHEM,Bodal Chemicals Limited,Dyes And Pigments
NATIONALUM,National Aluminium Company Limited,Aluminium
GMBREW,GM Breweries Limited,Breweries & Distilleries
WONDERLA,Wonderla Holidays Limited,Amusement Parks/ Other Recreation
UFBL,United Foodbrands Limited,Restaurants
JKTYRE,JK Tyre & Industries Limited,Tyres & Rubber Products
COFORGE,Coforge Limited,Computers - Software & Consulting
MFSL,Max Financial Services Limited,Life Insurance
AADHARHFC,Aadhar Housing Finance Limited,Housing Finance Company
KIRLFER,Kirloskar Ferrous Industries Limited,Pig Iron
RELIGARE,Religare Enterprises Limited,Investment Company
HARRMALAYA,Harrisons  Malayalam Limited,Rubber
KSR,KSR Footwear Limited,Footwear
ARTEMISMED,Artemis Medicare Services Limited,Hospital
INDIGOPNTS,Indigo Paints Limited,Paints
RAMASTEEL,Rama Steel Tubes Limited,Iron & Steel Products
ICICIBANK,ICICI Bank Limited,Private Sector Bank
DELTACORP,Delta Corp Limited,Amusement Parks/ Other Recreation
BIKAJI,Bikaji Foods International Limited,Packaged Foods
AFCONS,Afcons Infrastructure Limited,Civil Construction
HDFCBANK,HDFC Bank Limited,Private Sector Bank
FLAIR,Flair Writing Industries Limited,Stationary
SUNDARMFIN,Sundaram Finance Limited,Non Banking Financial Company (NBFC)
SPAL,S. P. Apparels Limited,Garments & Apparels
KOHINOOR,Kohinoor Foods Limited,Other Agricultural Products
KECL,Kirloskar Electric Company Limited,Other Electrical Equipment
CINELINE,Cineline India Limited,Film Production Distribution & Exhibition
DELHIVERY,Delhivery Limited,Logistics Solution Provider
MEDANTA,Global Health Limited,Hospital
HINDALCO,Hindalco Industries Limited,Aluminium
POWERGRID,Power Grid Corporation of India Limited,Power - Transmission
MEIL,Mangal Electrical Industries Limited,Other Electrical Equipment
TVSELECT,TVS Electronics Limited,Computers Hardware & Equipments
SAIFL,Sameera Agro And Infra Limited,Other Agricultural Products
RATNAMANI,Ratnamani Metals & Tubes Limited,Iron & Steel Products
MPSLTD,MPS Limited,E-Learning
ESAFSFB,ESAF Small Finance Bank Limited,Other Bank
GOYALALUM,Goyal Aluminiums Limited,Trading & Distributors
TECHM,Tech Mahindra Limited,Computers - Software & Consulting
LAXMIINDIA,Laxmi India Finance Limited,Non Banking Financial Company (NBFC)
AYMSYNTEX,AYM Syntex Limited,Other Textile Products
RAMRAT,Ram Ratna Wires Limited,Other Electrical Equipment
DIGJAMLMTD,Digjam Limited,Other Textile Products
SINDHUTRAD,Sindhu Trade Links Limited,Coal
SBGLP,Suratwwala Business Group Limited,Residential Commercial Projects
WSTCSTPAPR,West Coast Paper Mills Limited,Paper & Paper Products
TMB,Tamilnad Mercantile Bank Limited,Private Sector Bank
MONTECARLO,Monte Carlo Fashions Limited,Garments & Apparels
TVSSRICHAK,TVS Srichakra Limited,Tyres & Rubber Products
SIKKO,Sikko Industries Limited,Pesticides & Agrochemicals
PREMIERENE,Premier Energies Limited,Other Electrical Equipment
TVSSCS,TVS Supply Chain Solutions Limited,Logistics Solution Provider
SATIA,Satia Industries Limited,Paper & Paper Products
CCL,CCL Products (India) Limited,Tea & Coffee
BANSALWIRE,Bansal Wire Industries Limited,Iron & Steel Products
NEPHROCARE,Nephro Care India Limited,Hospital
DHANBANK,Dhanlaxmi Bank Limited,Private Sector Bank
PRIMO,Primo Chemicals Limited,Commodity Chemicals
LLOYDSENT,Lloyds Enterprises Limited,Trading - Metals
SHRADHA,Shradha Realty Limited,Residential Commercial Projects
PLASTIBLEN,Plastiblends India Limited,Specialty Chemicals
VIKRAMSOLR,Vikram Solar Limited,Other Electrical Equipment
RSWM,RSWM Limited,Other Textile Products
ABSLAMC,Aditya Birla Sun Life AMC Limited,Asset Management Company
TCS,Tata Consultancy Services Limited,Computers - Software & Consulting
VRAJ,Vraj Iron and Steel Limited,Sponge Iron
KSHITIJPOL,Kshitij Polyline Limited,Stationary
MANORG,Mangalam Organics Limited,Commodity Chemicals
ORICONENT,Oricon Enterprises Limited,Packaging
LPDC,Landmark Property Development Company Limited,Real Estate related services
HATSUN,Hatsun Agro Product Limited,Dairy Products
STARPAPER,Star Paper Mills Limited,Paper & Paper Products
IITL,Industrial Investment Trust Limited,Investment Company
BMWVENTLTD,BMW Ventures Limited,Trading - Metals
CMPDI,Central Mine Planning & Design Institute Limited,Consulting Services
BORANA,Borana Weaves Limited,Other Textile Products
SOTL,Savita Oil Technologies Limited,Lubricants
TIMKEN,Timken India Limited,Abrasives & Bearings
AVTNPL,AVT Natural Products Limited,Other Agricultural Products
BCPL,BCPL Railway Infrastructure Limited,Civil Construction
LIBAS,Libas Consumer Products Limited,Garments & Apparels
SUMEETINDS,Sumeet Industries Limited,Other Textile Products
KAMOPAINTS,Kamdhenu Ventures Limited,Paints
ODIGMA,Odigma Consultancy Solutions Limited,IT Enabled Services
AIRAN,Airan Limited,IT Enabled Services
GEMAROMA,Gem Aromatics Limited,Specialty Chemicals
BEARDSELL,Beardsell Limited,Other Industrial Products
HPAL,HP Adhesives Limited,Specialty Chemicals
MONEYBOXX,Moneyboxx Finance Limited,Non Banking Financial Company (NBFC)
WAAREEENER,Waaree Energies Limited,Other Electrical Equipment
ORCHASP,Orchasp Limited,Computers - Software & Consulting
UNITEDPOLY,United Polyfab Gujarat Limited,Other Textile Products
AVPINFRA,AVP Infracon Limited,Civil Construction
LAL,Lorenzini Apparels Limited,Garments & Apparels
STEELCITY,Steel City Securities Limited,Stockbroking & Allied
COMFINTE,Comfort Intech Limited,Breweries & Distilleries
GLOBALE,Globale Tessile Limited,Trading - Textile Products
LAXMICOT,Laxmi Cotspin Limited,Other Textile Products
LTM,LTM Limited,Computers - Software & Consulting
RAMANEWS,Shree Rama Newsprint Limited,Paper & Paper Products
SIL,Standard Industries Limited,Real Estate related services
TCC,TCC Concept Limited,Internet & Catalogue Retail
SALSTEEL,S.A.L. Steel Limited,Sponge Iron
GLOSTERLTD,Gloster Limited,Jute & Jute Products
SURYALA,Suryalata Spinning Mills Limited,Other Textile Products
CORDSCABLE,Cords Cable Industries Limited,Cables - Electricals
HPIL,Hindprakash Industries Limited,Dyes And Pigments
GFLLIMITED,GFL Limited,Holding Company
BLUEWATER,Blue Water Logistics Limited,Logistics Solution Provider
TTL,T T Limited,Other Textile Products
SUTLEJTEX,Sutlej Textiles and Industries Limited,Other Textile Products
RANASUG,Rana Sugars Limited,Sugar
PATINTLOG,Patel Integrated Logistics Limited,Logistics Solution Provider
JETFREIGHT,Jet Freight Logistics Limited,Logistics Solution Provider
PEARLPOLY,Pearl Polymers Limited,Plastic Products - Consumer
LOVABLE,Lovable Lingerie Limited,Garments & Apparels
ASHIMASYN,Ashima Limited,Other Textile Products
INSPIRISYS,Inspirisys Solutions Limited,IT Enabled Services
ABMINTLLTD,ABM International Limited,Trading & Distributors
SHYAMCENT,Shyam Century Ferrous Limited,Ferro & Silica Manganese
MEGASTAR,Megastar Foods Limited,Other Food Products
GLOBECIVIL,Globe Civil Projects Limited,Civil Construction
SARVESHWAR,Sarveshwar Foods Limited,Other Agricultural Products
INFY,Infosys Limited,Computers - Software & Consulting
KHANDSE,Khandwala Securities Limited,Stockbroking & Allied
OMKARCHEM,Omkar Speciality Chemicals Limited,Specialty Chemicals
BSL,BSL Limited,Other Textile Products
OSWALAGRO,Oswal Agro Mills Limited,Trading & Distributors
GTECJAINX,G-TEC JAINX EDUCATION LIMITED,E-Learning
SUPREMEENG,Supreme Engineering Limited,Iron & Steel Products
VCL,Vaxtex Cotfab Limited,Other Textile Products
OCCLLTD,OCCL Limited,Commodity Chemicals
DANGEE,Dangee Dums Limited,Packaged Foods
DIVYADHAN,Divyadhan Recycling Industries Limited,Other Textile Products
RMDRIP,R M Drip and Sprinklers Systems Limited,Plastic Products - Industrial
RNBDENIMS,R&B Denims Limited,Other Textile Products
WAAREEINDO,Indosolar Limited,Heavy Electrical Equipment
MCLEODRUSS,Mcleod Russel India Limited,Tea & Coffee
BGRENERGY,BGR Energy Systems Limited,Civil Construction
JKIPL,Jinkushal Industries Limited,Dealers���Commercial Vehicles Tractors Construction Vehicles
BCONCEPTS,Brand Concepts Limited,Speciality Retail
